Fp1,Fp2,F3,F4,F7,F8,T3,T4,C3,C4,T5,T6,P3,P4,O1,O2,target
-8.867,-10.744,-6.2867,-6.0914,-13.927,-4.0404,-0.06667,-11.837,-5.9406,-14.209,-2.8243,-34.992001,-10.05,-28.778999,-21.945999,-37.373001,0
-14.778,-14.628,-11.468,-9.1371,-14.917,-4.0404,-7.0667,-7.935,-14.851,-12.189,-11.691,-22.309,-16.08,-22.837999,-18.118,-30.476,0
-13.793,-15.599,-13.541,-9.1371,-15.908,-4.0404,-10.067,-0.13008,-9.901,-5.1178,-15.632,-3.7724,-14.07,-8.9769,-18.118,-12.742,0
-13.793,-14.628,-6.2867,-3.0457,-12.937,-5.0505,-8.0667,5.7236,1.9802,5.9933,-5.78,11.837,2.0101,8.8449,-15.247,9.9179,0
-5.9113,-8.8026,5.1123,5.0761,-4.0264,-1.0101,7.9333,14.504,20.792,20.135,12.939,27.447001,23.115999,27.657,-10.463,28.636999,0
-7.8818,-6.8608,9.2573,10.152,-8.9769,4.0404,12.933,18.407,28.712999,26.195,28.702999,34.276001,36.181,37.557999,-6.6348,37.504002,0
-6.8966,-6.8608,5.1123,6.0914,-7.9868,3.0303,10.933,13.528,21.782,22.155001,27.718,29.398001,31.156,33.597,-11.419,29.622,0
-9.8522,-10.744,-0.06909,2.0305,-7.9868,-4.0404,7.9333,4.748,12.871,13.064,22.791,17.691,22.111,22.705999,-21.945999,19.77,0
-4.9261,-5.89,-1.1054,2.0305,-6.0066,0,4.9333,6.6992,13.861,13.064,20.820999,12.813,15.075,16.766001,-19.075001,12.874,0
-3.9409,-2.9773,0.96718,3.0457,-3.0363,-1.0101,5.9333,5.7236,7.9208,11.044,13.924,2.0813,4.0201,5.8746,-18.118,-2.89,0
-4.9261,-7.8317,-2.1416,0,1.9142,-4.0404,7.9333,1.8211,5.9406,5.9933,6.0427,-11.577,-3.0151,-6.0066,-18.118,-20.624001,0
-5.9113,-6.8608,-3.1779,0,-6.0066,-3.0303,7.9333,1.8211,8.9109,3.9731,2.1018,-15.48,-2.0101,-9.967,-11.419,-25.549999,0
-2.9557,-3.9482,4.076,5.0761,-0.06601,1.0101,15.933,12.553,19.802,16.094,12.939,2.0813,14.07,3.8944,-12.376,-3.8752,0
-1.9704,-0.06472,8.2211,9.1371,-2.0462,7.0707,16.933001,18.407,24.752001,23.165001,19.836,18.667,25.125999,19.736,-14.29,19.77,0
-7.8818,-4.9191,-2.1416,1.0152,-6.0066,5.0505,9.9333,10.602,14.851,18.114,17.865,23.545,26.131001,25.677,-21.945999,32.577999,0
-5.9113,-3.9482,2.0035,5.0761,0.92409,4.0404,13.933,13.528,22.771999,26.195,28.702999,37.202999,37.186001,41.518002,-18.118,48.341999,0
-2.9557,-0.06472,5.1123,10.152,4.8845,9.0909,16.933001,17.431,25.743,30.236,33.629002,39.153999,40.201,44.487999,-11.419,47.355999,0
-6.8966,-4.9191,-8.3592,1.0152,-7.9868,2.0202,4.9333,5.7236,6.9307,16.094,14.91,18.667,18.09,25.677,-14.29,18.785,0
-11.823,-6.8608,-10.432,-1.0152,-14.917,0,-8.0667,-0.13008,-3.9604,9.0236,0.13136,0.13008,1.005,6.8647,-20.032,-7.8161,0
0,3.8188,-1.1054,8.1218,-11.947,10.101,-10.067,9.626,2.9703,13.064,-5.78,-6.6992,-5.0251,-1.0561,-24.816999,-22.594,0
-4.9261,2.8479,-1.1054,8.1218,-9.967,13.131,-7.0667,8.6504,-4.9505,5.9933,-14.647,-18.407,-20.101,-13.927,-22.903,-35.402,0
-9.8522,-2.9773,-11.468,1.0152,-20.858,17.172001,-9.0667,1.8211,-13.861,-3.0976,-22.528999,-25.236,-31.156,-22.837999,-16.204,-37.373001,0
-16.749001,-6.8608,-17.686001,-3.0457,-29.768999,10.101,-15.067,-4.0325,-15.842,-7.138,-22.528999,-25.236,-28.141001,-22.837999,-13.333,-27.521,0
-14.778,-6.8608,-15.613,-4.0609,-18.878,7.0707,-10.067,-0.13008,-11.881,-1.0774,-14.647,-12.553,-14.07,-9.967,-13.333,-6.8309,0
-11.823,-2.9773,-6.2867,6.0914,-16.898001,13.131,-4.0667,12.553,1.9802,12.054,0.13136,8.9106,7.0352,10.825,-20.989,17.799999,0
-13.793,-4.9191,-7.323,6.0914,-20.858,13.131,-3.0667,15.48,6.9307,17.104,5.0575,20.618,14.07,21.716,-13.333,25.681,0
-17.733999,-8.8026,-6.2867,6.0914,-23.827999,9.0909,-1.0667,15.48,7.9208,18.114,8.9984,26.472,19.094999,26.667,-8.5486,30.608,0
-14.778,-7.8317,-5.2504,5.0761,-20.858,7.0707,-4.0667,12.553,6.9307,17.104,9.9836,23.545,17.084999,25.677,-18.118,24.695999,0
-9.8522,-5.89,-0.06909,7.1066,-15.908,3.0303,3.9333,5.7236,8.9109,13.064,11.954,13.789,14.07,16.766001,-12.376,11.888,0
-12.808,-7.8317,-0.06909,2.0305,-13.927,1.0101,5.9333,-3.0569,7.9208,2.963,7.0279,-6.6992,4.0201,-2.0462,-3.764,-11.757,0
-19.704,-14.628,-10.432,-8.1218,-20.858,-7.0707,-6.0667,-13.789,-5.9406,-11.178,-12.677,-30.114,-20.101,-24.818001,-2.807,-37.373001,0
-18.719,-14.628,-10.432,-7.1066,-15.908,-6.0606,-7.0667,-11.837,-9.901,-11.178,-21.544001,-34.992001,-30.150999,-30.759001,-8.5486,-45.255001,0
-11.823,-7.8317,-7.323,-2.0305,-16.898001,-1.0101,-7.0667,-5.9837,-6.9307,-4.1077,-23.514,-27.187,-28.141001,-22.837999,-13.333,-36.388,0
-14.778,-9.7735,-5.2504,-1.0152,-18.878,-3.0303,-8.0667,-4.0325,0,-0.06734,-15.632,-13.528,-15.075,-10.957,1.0207,-13.727,0
-17.733999,-14.628,-7.323,-3.0457,-18.878,-4.0404,-4.0667,-0.13008,2.9703,3.9731,-4.7947,4.0325,0,3.8944,11.547,13.859,0
-22.66,-17.540001,-9.3955,-5.0761,-22.837999,-5.0505,0.93333,2.7967,5.9406,7.0034,8.9984,16.715,16.08,16.766001,10.59,34.548,0
-19.704,-15.599,-10.432,-5.0761,-20.858,-4.0404,4.9333,5.7236,8.9109,10.034,18.851,25.496,27.136,26.667,5.8054,43.415001,0
-19.704,-12.686,-7.323,0,-22.837999,-2.0202,3.9333,7.6748,10.891,14.074,21.806,27.447001,30.150999,31.617001,-0.89314,38.488998,0
-20.690001,-14.628,-8.3592,0,-27.789,-2.0202,-2.0667,8.6504,11.881,17.104,17.865,23.545,25.125999,28.646999,-5.6778,23.711,0
-20.690001,-11.715,-5.2504,4.0609,-20.858,4.0404,1.9333,9.626,7.9208,15.084,12.939,15.74,18.09,20.726,-11.419,10.903,0
-20.690001,-13.657,-10.432,-1.0152,-19.868,3.0303,-1.0667,5.7236,-0.9901,7.0034,3.087,4.0325,5.0251,6.8647,-7.5917,-3.8752,0
-22.66,-14.628,-11.468,-4.0609,-26.799,-3.0303,-11.067,-0.13008,-0.9901,-0.06734,-2.8243,-8.6504,-3.0151,-6.9967,-5.6778,-16.683001,0
-19.704,-13.657,-10.432,-4.0609,-25.809,-3.0303,-7.0667,-3.0569,-2.9703,-1.0774,-4.7947,-15.48,-8.0402,-11.947,-11.419,-20.624001,0
-17.733999,-12.686,-7.323,-1.0152,-21.848,-1.0101,-3.0667,-0.13008,-5.9406,3.9731,-8.7356,-8.6504,-12.06,-5.0165,-13.333,-12.742,0
-18.719,-14.628,-10.432,-1.0152,-26.799,-3.0303,-8.0667,2.7967,-8.9109,8.0135,-13.662,0.13008,-14.07,2.9043,-14.29,-2.89,0
-18.719,-16.57,-10.432,-1.0152,-25.809,-5.0505,-13.067,4.748,-5.9406,11.044,-15.632,8.9106,-12.06,9.835,-15.247,7.9475,0
-17.733999,-10.744,-8.3592,4.0609,-18.878,0,-5.0667,9.626,0,16.094,-7.7504,18.667,1.005,19.736,-7.5917,20.754999,0
-13.793,-6.8608,-4.2142,7.1066,-16.898001,4.0404,1.9333,10.602,8.9109,18.114,7.0279,23.545,18.09,26.667,-8.5486,30.608,0
-21.674999,-15.599,-9.3955,-1.0152,-20.858,-3.0303,-3.0667,3.7724,7.9208,9.0236,12.939,15.74,23.115999,21.716,-10.463,27.652,0
-20.690001,-18.511,-13.541,-6.0914,-24.818001,-5.0505,-5.0667,1.8211,9.901,7.0034,15.895,13.789,23.115999,19.736,-0.89314,21.740999,0
-25.615999,-21.424,-15.613,-8.1218,-28.778999,-8.0808,-4.0667,-1.1057,0.9901,1.9529,11.954,6.9593,15.075,12.805,1.0207,10.903,0
-21.674999,-18.511,-13.541,-5.0761,-23.827999,-4.0404,2.9333,0.84553,0,2.963,8.0131,4.0325,7.0352,7.8548,-2.807,1.0509,0
-22.66,-15.599,-8.3592,-2.0305,-24.818001,-1.0101,1.9333,2.7967,0.9901,1.9529,2.1018,2.0813,0,2.9043,-7.5917,-3.8752,0
-18.719,-15.599,-8.3592,-3.0457,-15.908,0,-0.06667,3.7724,0,1.9529,-2.8243,3.0569,-6.0302,0.92409,-10.463,-2.89,0
-25.615999,-19.482,-11.468,-7.1066,-19.868,-4.0404,-9.0667,-1.1057,-4.9505,-3.0976,-9.7209,0.13008,-12.06,-3.0363,-18.118,-0.91954,0
-25.615999,-19.482,-17.686001,-10.152,-23.827999,-3.0303,-15.067,-2.0813,-12.871,-5.1178,-18.587999,-0.84553,-18.09,-5.0165,-23.860001,0.06568,0
-28.570999,-22.395,-20.794001,-12.183,-30.759001,-5.0505,-18.066999,-3.0569,-19.802,-7.138,-23.514,0.13008,-22.111,-5.0165,-19.075001,1.0509,0
-28.570999,-23.365999,-23.903,-15.228,-30.759001,-6.0606,-19.066999,0.84553,-21.782,-6.1279,-18.587999,5.9837,-18.09,0.92409,-16.204,6.9622,0
-26.601,-20.452999,-18.722,-11.168,-29.768999,-5.0505,-17.066999,1.8211,-12.871,-4.1077,-9.7209,7.935,-8.0402,6.8647,-10.463,10.903,0
-23.645,-18.511,-14.577,-9.1371,-27.789,-3.0303,-7.0667,1.8211,-6.9307,0.94276,4.0722,11.837,6.0302,12.805,-12.376,14.844,0
-26.601,-22.395,-16.649,-12.183,-27.789,-7.0707,-5.0667,-3.0569,-6.9307,-4.1077,6.0427,5.9837,7.0352,6.8647,-1.8501,6.9622,0
-24.631001,-21.424,-17.686001,-13.198,-23.827999,-8.0808,-6.0667,-4.0325,-6.9307,-8.1481,4.0722,0.13008,5.0251,-1.0561,-3.764,-2.89,0
-24.631001,-21.424,-17.686001,-15.228,-21.848,-15.152,-12.067,-8.9106,-7.9208,-15.219,-3.8095,-9.626,-5.0251,-11.947,-5.6778,-16.683001,0
-26.601,-21.424,-17.686001,-16.243999,-20.858,-9.0909,-10.067,-7.935,-6.9307,-16.229,-2.8243,-8.6504,-7.0352,-15.908,5.8054,-15.698,0
-26.601,-21.424,-19.757999,-17.259001,-22.837999,-6.0606,-8.0667,-5.9837,-11.881,-14.209,-3.8095,-3.7724,-10.05,-13.927,3.8915,-6.8309,0
-29.556999,-23.365999,-20.794001,-16.243999,-26.799,-9.0909,-9.0667,-5.0081,-15.842,-14.209,-5.78,0.13008,-13.065,-10.957,-4.7209,1.0509,0
-25.615999,-23.365999,-20.794001,-15.228,-29.768999,-10.101,-11.067,-3.0569,-16.832001,-10.168,-10.706,6.9593,-17.084999,-6.0066,-0.89314,7.9475,0
-27.586,-22.395,-17.686001,-13.198,-26.799,-12.121,-15.067,0.84553,-11.881,-5.1178,-7.7504,12.813,-10.05,1.9142,-2.807,16.813999,0
-26.601,-24.337,-19.757999,-15.228,-23.827999,-13.131,-15.067,-3.0569,-7.9208,-4.1077,-3.8095,11.837,-4.0201,5.8746,-10.463,15.829,0
-23.645,-18.511,-12.504,-10.152,-22.837999,-8.0808,-6.0667,-0.13008,-3.9604,-2.0875,2.1018,10.862,4.0201,9.835,-9.5056,13.859,0
-20.690001,-17.540001,-11.468,-8.1218,-21.848,-6.0606,-6.0667,0.84553,1.9802,0.94276,7.0279,10.862,9.0452,12.805,-8.5486,10.903,0
-22.66,-18.511,-5.2504,-3.0457,-17.888,-6.0606,-5.0667,-0.13008,3.9604,2.963,7.0279,9.8862,11.055,11.815,-10.463,6.9622,0
-17.733999,-15.599,-5.2504,-3.0457,-14.917,-4.0404,-3.0667,-0.13008,1.9802,1.9529,7.0279,5.9837,9.0452,6.8647,-0.89314,0.06568,0
-17.733999,-14.628,-8.3592,-6.0914,-23.827999,-7.0707,-0.06667,-4.0325,-0.9901,-5.1178,5.0575,3.0569,2.0101,-2.0462,1.9777,-3.8752,0
-18.719,-16.57,-14.577,-14.213,-23.827999,-12.121,-3.0667,-7.935,-4.9505,-13.199,0.13136,-0.84553,-4.0201,-9.967,-3.764,-4.8604,0
-21.674999,-18.511,-15.613,-15.228,-20.858,-14.141,-8.0667,-10.862,-8.9109,-16.229,-2.8243,-3.7724,-6.0302,-12.937,-8.5486,-1.9048,0
-18.719,-15.599,-12.504,-11.168,-15.908,-9.0909,-6.0667,-7.935,-6.9307,-9.1582,-3.8095,-1.8211,-1.005,-5.0165,-1.8501,4.0066,0
-15.764,-11.715,-8.3592,-5.0761,-17.888,-4.0404,-9.0667,-3.0569,-2.9703,-0.06734,-3.8095,4.0325,1.005,4.8845,5.8054,9.9179,0
-19.704,-12.686,-12.504,-6.0914,-23.827999,-8.0808,-14.067,-1.1057,-4.9505,1.9529,-3.8095,7.935,1.005,9.835,-8.5486,12.874,0
-18.719,-13.657,-13.541,-7.1066,-24.818001,-7.0707,-11.067,-2.0813,-4.9505,1.9529,-3.8095,8.9106,1.005,10.825,-6.6348,11.888,0
-17.733999,-10.744,-7.323,-2.0305,-18.878,-5.0505,-7.0667,1.8211,0,4.9832,0.13136,10.862,6.0302,13.795,3.8915,12.874,0
-9.8522,-7.8317,-1.1054,2.0305,-12.937,0,-5.0667,5.7236,8.9109,11.044,4.0722,14.764,12.06,18.746,10.59,11.888,0
-10.837,-6.8608,4.076,7.1066,-10.957,1.0101,-3.0667,6.6992,15.842,15.084,9.9836,15.74,18.09,21.716,4.8485,12.874,0
-3.9409,-1.0356,7.1848,9.1371,-6.0066,1.0101,4.9333,7.6748,14.851,17.104,13.924,14.764,19.094999,19.736,4.8485,10.903,0
-4.9261,-1.0356,7.1848,10.152,-6.9967,2.0202,7.9333,8.6504,10.891,15.084,12.939,14.764,17.084999,17.756001,2.9346,12.874,0
-8.867,-5.89,-3.1779,3.0457,-12.937,2.0202,-0.06667,5.7236,4.9505,9.0236,7.0279,14.764,8.0402,13.795,4.8485,13.859,0
-11.823,-4.9191,-1.1054,4.0609,-17.888,4.0404,0.93333,7.6748,4.9505,7.0034,8.9984,16.715,10.05,13.795,-8.5486,19.77,0
-8.867,-3.9482,3.0397,6.0914,-17.888,8.0808,3.9333,15.48,11.881,11.044,18.851,23.545,19.094999,18.746,-1.8501,27.652,0
-4.9261,-4.9191,9.2573,6.0914,1.9142,2.0202,11.933,13.528,18.812,10.034,22.791,22.569,22.111,19.736,-1.8501,27.652,0
-3.9409,-8.8026,-0.06909,-8.1218,5.8746,-9.0909,5.9333,-1.1057,0.9901,-4.1077,6.0427,5.0081,4.0201,2.9043,-13.333,6.9622,0
-6.8966,-7.8317,-3.1779,-9.1371,-2.0462,-14.141,-1.0667,-7.935,-7.9208,-10.168,-3.8095,-5.7236,-5.0251,-5.0165,-18.118,-3.8752,0
-6.8966,-8.8026,-5.2504,-9.1371,-1.0561,-6.0606,-3.0667,-7.935,-6.9307,-10.168,-6.7652,-7.6748,-5.0251,-5.0165,-15.247,-6.8309,0
-5.9113,-7.8317,-4.2142,-8.1218,-3.0363,-8.0808,-3.0667,-7.935,-3.9604,-9.1582,-8.7356,-6.6992,-4.0201,-5.0165,-12.376,-7.8161,0
2.9557,2.8479,8.2211,5.0761,0.92409,0,4.9333,4.748,9.901,4.9832,4.0722,6.9593,12.06,6.8647,-12.376,4.0066,0
1.9704,1.877,10.294,7.1066,2.9043,5.0505,5.9333,5.7236,11.881,5.9933,6.0427,7.935,13.065,7.8548,-9.5056,4.0066,0
-4.9261,-3.9482,5.1123,-1.0152,5.8746,-3.0303,0.93333,-4.0325,5.9406,-5.1178,0.13136,-2.7967,3.0151,-3.0363,-9.5056,-6.8309,0
-2.9557,-2.9773,-1.1054,-4.0609,1.9142,-5.0505,-4.0667,-7.935,-5.9406,-12.189,-5.78,-8.6504,-6.0302,-11.947,-15.247,-12.742,0
-6.8966,-6.8608,-9.3955,-8.1218,-6.9967,-7.0707,-3.0667,-8.9106,-15.842,-17.239,-8.7356,-12.553,-12.06,-15.908,-8.5486,-11.757,0
-5.9113,-7.8317,-12.504,-10.152,-5.0165,-8.0808,-2.0667,-7.935,-12.871,-15.219,-7.7504,-9.626,-9.0452,-12.937,-4.7209,-5.8456,0
-11.823,-12.686,-10.432,-11.168,-5.0165,-8.0808,-4.0667,-4.0325,-9.901,-12.189,-6.7652,-5.7236,-5.0251,-6.9967,-5.6778,0.06568,0
-0.98522,-3.9482,3.0397,-3.0457,4.8845,0,1.9333,6.6992,1.9802,-0.06734,0.13136,6.9593,4.0201,5.8746,-10.463,10.903,0
1.9704,2.8479,9.2573,4.0609,-0.06601,4.0404,-1.0667,6.6992,2.9703,3.9731,3.087,6.9593,6.0302,6.8647,-3.764,8.9327,0
-2.9557,-1.0356,-0.06909,-1.0152,-2.0462,-1.0101,-11.067,-2.0813,-3.9604,-2.0875,-8.7356,-4.748,-5.0251,-2.0462,-6.6348,-7.8161,0
-3.9409,-1.0356,-1.1054,2.0305,-2.0462,-1.0101,-5.0667,-2.0813,-3.9604,-0.06734,-8.7356,-3.7724,-3.0151,-1.0561,-4.7209,-10.772,0
-0.98522,-2.0065,-0.06909,1.0152,2.9043,-1.0101,-1.0667,-1.1057,0.9901,2.963,-7.7504,-4.748,0,0.92409,0.0638,-11.757,0
0,-2.0065,3.0397,0,8.8449,-3.0303,-3.0667,-4.0325,2.9703,-0.06734,-12.677,-9.626,-3.0151,-4.0264,-7.5917,-17.667999,0
-3.9409,-4.9191,-3.1779,-3.0457,0.92409,-9.0909,-4.0667,-9.8862,-4.9505,-6.1279,-18.587999,-17.431,-11.055,-11.947,-6.6348,-25.549999,0
-2.9557,-3.9482,0.96718,-1.0152,1.9142,-5.0505,-6.0667,-7.935,-4.9505,-8.1481,-14.647,-12.553,-13.065,-12.937,-5.6778,-18.653999,0
0,0.90615,5.1123,2.0305,3.8944,1.0101,-0.06667,-1.1057,-2.9703,-2.0875,-5.78,-1.8211,-7.0352,-5.0165,-3.764,-2.89,0
-4.9261,-2.0065,-1.1054,1.0152,-0.06601,-1.0101,-1.0667,-2.0813,-7.9208,-2.0875,-2.8243,1.1057,-5.0251,-3.0363,0.0638,4.9918,0
-6.8966,-4.9191,-2.1416,-1.0152,-1.0561,-3.0303,-4.0667,-3.0569,-7.9208,-3.0976,1.1166,1.1057,0,-1.0561,-1.8501,9.9179,0
-1.9704,-3.9482,-0.06909,-1.0152,0.92409,-4.0404,-4.0667,-5.0081,0,-4.1077,1.1166,-0.84553,1.005,-1.0561,1.0207,6.9622,0
-3.9409,-2.0065,3.0397,0,4.8845,-5.0505,-1.0667,-5.9837,0,-5.1178,-2.8243,-4.748,1.005,-3.0363,-2.807,-0.91954,0
-0.98522,-1.0356,-0.06909,-1.0152,-0.06601,-5.0505,-2.0667,-3.0569,-3.9604,-5.1178,-5.78,-6.6992,-2.0101,-4.0264,-5.6778,-8.8013,0
0,2.8479,5.1123,6.0914,1.9142,0,1.9333,0.84553,-0.9901,0.94276,-8.7356,-6.6992,-3.0151,-3.0363,-8.5486,-15.698,0
2.9557,3.8188,8.2211,6.0914,6.8647,-3.0303,-0.06667,-4.0325,2.9703,0.94276,-14.647,-9.626,-9.0452,-6.0066,0.0638,-24.565001,0
2.9557,2.8479,9.2573,6.0914,6.8647,-6.0606,0.93333,-7.935,1.9802,-2.0875,-11.691,-11.577,-9.0452,-8.9769,1.9777,-26.535,0
4.9261,0.90615,5.1123,1.0152,7.8548,-8.0808,2.9333,-11.837,-1.9802,-6.1279,-6.7652,-10.602,-7.0352,-9.967,1.9777,-21.608999,0
2.9557,0.90615,8.2211,2.0305,4.8845,-9.0909,1.9333,-7.935,6.9307,-4.1077,6.0427,-2.7967,6.0302,-4.0264,10.59,-3.8752,0
7.8818,4.7896,11.33,5.0761,17.756001,-2.0202,14.933,1.8211,11.881,2.963,18.851,8.9106,17.084999,6.8647,9.6332,15.829,0
6.8966,1.877,8.2211,0,17.756001,-9.0909,18.933001,-3.0569,5.9406,-4.1077,15.895,2.0813,11.055,1.9142,5.8054,12.874,0
9.8522,4.7896,6.1485,-3.0457,10.825,-8.0808,11.933,-5.9837,2.9703,-7.138,7.0279,-7.6748,4.0201,-5.0165,8.6762,0.06568,0
14.778,12.557,11.33,4.0609,12.805,1.0101,11.933,-0.13008,4.9505,-3.0976,7.0279,-5.7236,5.0251,-3.0363,11.547,-2.89,0
17.733999,14.498,13.402,6.0914,25.677,4.0404,13.933,0.84553,6.9307,-2.0875,7.0279,-5.7236,4.0201,-4.0264,8.6762,-8.8013,0
8.867,7.7023,3.0397,-2.0305,21.716,-7.0707,5.9333,-13.789,-8.9109,-15.219,-5.78,-18.407,-12.06,-17.888,12.504,-27.521,0
5.9113,5.7605,-4.2142,-6.0914,7.8548,-8.0808,-6.0667,-17.691,-11.881,-18.249001,-6.7652,-21.333,-14.07,-20.858,12.504,-31.461,0
10.837,10.615,-1.1054,-2.0305,5.8746,-3.0303,-3.0667,-12.813,-6.9307,-10.168,-3.8095,-13.528,-9.0452,-14.917,12.504,-26.535,0
10.837,11.586,2.0035,1.0152,9.835,2.0202,6.9333,-5.9837,-6.9307,-5.1178,-3.8095,-6.6992,-8.0402,-8.9769,10.59,-16.683001,0
10.837,8.6731,2.0035,-2.0305,8.8449,2.0202,5.9333,-4.0325,-5.9406,-9.1582,-4.7947,-4.748,-9.0452,-7.9868,-1.8501,-7.8161,0
7.8818,8.6731,5.1123,-2.0305,10.825,-3.0303,1.9333,-5.0081,-3.9604,-12.189,-0.85386,-5.7236,-4.0201,-8.9769,2.9346,-0.91954,0
10.837,8.6731,3.0397,-1.0152,12.805,-4.0404,4.9333,-5.0081,-3.9604,-10.168,3.087,-3.7724,-1.005,-6.9967,9.6332,4.9918,0
8.867,7.7023,6.1485,0,12.805,-1.0101,1.9333,-4.0325,0.9901,-8.1481,8.0131,-5.7236,3.0151,-6.9967,-0.89314,4.9918,0
10.837,8.6731,5.1123,1.0152,17.756001,0,8.9333,-3.0569,0,-5.1178,8.0131,-8.6504,2.0101,-7.9868,-0.89314,-2.89,0
7.8818,8.6731,6.1485,3.0457,16.766001,1.0101,8.9333,-5.9837,-2.9703,-6.1279,4.0722,-16.455,-3.0151,-12.937,5.8054,-17.667999,0
13.793,12.557,8.2211,6.0914,17.756001,2.0202,6.9333,-9.8862,0,-4.1077,-4.7947,-22.309,-9.0452,-15.908,6.7624,-30.476,0
11.823,11.586,6.1485,4.0609,10.825,-4.0404,-6.0667,-14.764,-2.9703,-8.1481,-20.558001,-29.138,-20.101,-22.837999,6.7624,-44.269001,0
13.793,13.528,5.1123,6.0914,10.825,-1.0101,-6.0667,-5.9837,-1.9802,-3.0976,-23.514,-19.382,-20.101,-17.888,10.59,-39.342999,0
13.793,15.469,9.2573,10.152,14.785,5.0505,-1.0667,3.7724,2.9703,3.9731,-20.558001,-8.6504,-16.08,-8.9769,-0.89314,-26.535,0
16.749001,16.440001,10.294,12.183,18.746,11.111,3.9333,6.6992,2.9703,7.0034,-18.587999,-3.7724,-14.07,-5.0165,-13.333,-15.698,0
12.808,13.528,8.2211,9.1371,20.726,9.0909,5.9333,6.6992,1.9802,5.9933,-9.7209,1.1057,-8.0402,-1.0561,-13.333,0.06568,0
5.9113,5.7605,-1.1054,-2.0305,11.815,-1.0101,-1.0667,1.8211,-0.9901,-0.06734,-0.85386,3.0569,-3.0151,-1.0561,-1.8501,11.888,0
4.9261,2.8479,-3.1779,-6.0914,14.785,-7.0707,3.9333,0.84553,0,-3.0976,8.0131,5.9837,2.0101,-0.06601,4.8485,18.785,0
1.9704,0.90615,-2.1416,-9.1371,15.776,-6.0606,7.9333,-2.0813,0,-5.1178,11.954,1.1057,4.0201,-2.0462,-0.89314,12.874,0
3.9409,1.877,-4.2142,-8.1218,12.805,-6.0606,6.9333,-9.8862,-2.9703,-7.138,2.1018,-13.528,-4.0201,-10.957,-2.807,-7.8161,0
4.9261,2.8479,-1.1054,-3.0457,15.776,-4.0404,6.9333,-9.8862,-1.9802,-3.0976,-4.7947,-22.309,-9.0452,-13.927,-2.807,-22.594,0
5.9113,4.7896,-3.1779,-1.0152,11.815,-2.0202,-2.0667,-6.9593,-2.9703,-1.0774,-16.617001,-24.26,-16.08,-15.908,-3.764,-35.402,0
2.9557,6.7314,-5.2504,0,5.8746,3.0303,-7.0667,-2.0813,-8.9109,-2.0875,-27.455,-22.309,-25.125999,-19.868,-0.89314,-43.284,0
5.9113,9.644,-3.1779,2.0305,4.8845,8.0808,-8.0667,5.7236,-6.9307,0.94276,-27.455,-11.577,-26.131001,-17.888,-10.463,-37.373001,0
0.98522,6.7314,-3.1779,2.0305,4.8845,8.0808,-2.0667,8.6504,-6.9307,0.94276,-17.603001,-0.84553,-20.101,-12.937,-8.5486,-19.639,0
-0.98522,3.8188,-6.2867,-3.0457,5.8746,1.0101,-3.0667,5.7236,-1.9802,-0.06734,-5.78,5.9837,-9.0452,-6.0066,-3.764,1.0509,0
-0.98522,2.8479,-4.2142,-2.0305,9.835,2.0202,1.9333,4.748,0,1.9529,6.0427,9.8862,2.0101,1.9142,-0.89314,17.799999,0
0,-0.06472,-5.2504,-4.0609,8.8449,2.0202,3.9333,2.7967,0,2.963,6.0427,5.9837,6.0302,5.8746,-4.7209,19.77,0
1.9704,2.8479,3.0397,-1.0152,10.825,1.0101,1.9333,0.84553,4.9505,2.963,6.0427,-2.7967,9.0452,4.8845,-7.5917,12.874,0
9.8522,10.615,7.1848,4.0609,15.776,8.0808,5.9333,1.8211,7.9208,5.9933,8.0131,-6.6992,10.05,3.8944,-4.7209,4.9918,0
6.8966,7.7023,0.96718,0,9.835,3.0303,-2.0667,-5.0081,-0.9901,-2.0875,-4.7947,-17.431,-4.0201,-7.9868,-6.6348,-13.727,0
1.9704,2.8479,-9.3955,-8.1218,3.8944,-1.0101,-13.067,-13.789,-12.871,-13.199,-19.573,-27.187,-21.106001,-23.827999,-6.6348,-33.431999,0
0,0.90615,-11.468,-11.168,1.9142,-4.0404,-13.067,-13.789,-17.822001,-19.259001,-24.499001,-29.138,-29.146,-30.759001,0.0638,-45.255001,0
-2.9557,-2.0065,-9.3955,-12.183,0.92409,-6.0606,-14.067,-9.8862,-15.842,-18.249001,-24.499001,-24.26,-28.141001,-29.768999,4.8485,-45.255001,0
1.9704,3.8188,-6.2867,-6.0914,1.9142,-2.0202,-9.0667,-3.0569,-12.871,-9.1582,-19.573,-12.553,-22.111,-18.878,-2.807,-30.476,0
0.98522,3.8188,-7.323,-5.0761,1.9142,-2.0202,-10.067,-3.0569,-11.881,-6.1279,-15.632,-8.6504,-16.08,-10.957,-1.8501,-14.713,0
3.9409,2.8479,-5.2504,-5.0761,6.8647,-3.0303,-12.067,-5.0081,-7.9208,-4.1077,-14.647,-7.6748,-11.055,-5.0165,7.7193,-3.8752,0
6.8966,7.7023,0.96718,2.0305,13.795,0,-8.0667,-3.0569,-3.9604,-0.06734,-11.691,-3.7724,-3.0151,2.9043,6.7624,7.9475,0
9.8522,8.6731,3.0397,3.0457,13.795,1.0101,-2.0667,-3.0569,0,3.9731,-5.78,-0.84553,3.0151,6.8647,-2.807,14.844,0
0.98522,2.8479,-0.06909,0,4.8845,-5.0505,-2.0667,-8.9106,-3.9604,0.94276,-3.8095,-7.6748,1.005,1.9142,3.8915,9.9179,0
4.9261,4.7896,-2.1416,-2.0305,6.8647,-5.0505,-3.0667,-11.837,-4.9505,-3.0976,-4.7947,-15.48,-5.0251,-6.0066,11.547,-3.8752,0
0,1.877,-5.2504,-8.1218,4.8845,-7.0707,-6.0667,-17.691,-11.881,-15.219,-14.647,-28.163,-19.094999,-23.827999,20.159,-26.535,0
-1.9704,-1.0356,-14.577,-16.243999,1.9142,-8.0808,-13.067,-19.642,-23.761999,-25.32,-28.440001,-34.992001,-32.160999,-36.700001,23.030001,-46.240002,0
-1.9704,-0.06472,-12.504,-13.198,-5.0165,-7.0707,-17.066999,-15.74,-23.761999,-23.299999,-31.396,-30.114,-33.166,-35.709999,12.504,-51.166,0
-3.9409,-1.0356,-15.613,-14.213,-6.0066,-5.0505,-19.066999,-11.837,-22.771999,-20.268999,-31.396,-23.285,-32.160999,-30.759001,7.7193,-49.195,0
-0.98522,3.8188,-9.3955,-8.1218,2.9043,-2.0202,-14.067,-6.9593,-16.832001,-14.209,-22.528999,-14.504,-24.121,-19.868,7.7193,-31.461,0
2.9557,4.7896,-6.2867,-8.1218,6.8647,-3.0303,-8.0667,-5.0081,-14.851,-10.168,-14.647,-7.6748,-15.075,-9.967,6.7624,-9.7865,0
2.9557,4.7896,-3.1779,-6.0914,3.8944,-1.0101,-11.067,-3.0569,-5.9406,-7.138,-7.7504,-1.8211,-7.0352,-2.0462,9.6332,9.9179,0
3.9409,5.7605,-3.1779,-4.0609,4.8845,3.0303,-7.0667,-2.0813,-8.9109,-6.1279,-3.8095,-2.7967,-3.0151,-0.06601,17.289,15.829,0
1.9704,4.7896,-8.3592,-6.0914,0.92409,-4.0404,-2.0667,-6.9593,-9.901,-9.1582,-2.8243,-9.626,-2.0101,-5.0165,14.418,8.9327,0
-1.9704,1.877,-8.3592,-8.1218,-0.06601,-10.101,-0.06667,-12.813,-3.9604,-11.178,-2.8243,-17.431,-3.0151,-10.957,13.461,-0.91954,0
0.98522,0.90615,-6.2867,-8.1218,3.8944,-11.111,-4.0667,-16.715,-2.9703,-14.209,-13.662,-25.236,-14.07,-18.878,1.0207,-19.639,0
-0.98522,0.90615,-4.2142,-7.1066,7.8548,-10.101,-6.0667,-17.691,-9.901,-16.229,-24.499001,-30.114,-26.131001,-27.789,-3.764,-40.327999,0
3.9409,2.8479,-3.1779,-6.0914,5.8746,-10.101,-6.0667,-19.642,-14.851,-18.249001,-32.381001,-34.015999,-35.175999,-34.719002,5.8054,-61.018002,0
6.8966,7.7023,0.96718,-2.0305,5.8746,-12.121,-8.0667,-12.813,-8.9109,-13.199,-25.483999,-28.163,-28.141001,-30.759001,11.547,-60.033001,0
0.98522,-0.06472,-6.2867,-7.1066,4.8845,-8.0808,-4.0667,-6.9593,-9.901,-11.178,-13.662,-17.431,-16.08,-20.858,7.7193,-38.358002,0
-6.8966,-3.9482,-10.432,-9.1371,1.9142,-3.0303,-3.0667,-1.1057,-6.9307,-7.138,1.1166,-0.84553,-1.005,-5.0165,20.159,-3.8752,0
-5.9113,-3.9482,-14.577,-11.168,-4.0264,-4.0404,-2.0667,3.7724,-3.9604,-3.0976,9.9836,10.862,9.0452,6.8647,16.332001,20.754999,0
-6.8966,-2.9773,-13.541,-10.152,-1.0561,-5.0505,0.93333,0.84553,-5.9406,-4.1077,8.0131,8.9106,9.0452,8.8449,19.202999,27.652,0
-0.98522,-1.0356,-9.3955,-10.152,6.8647,-8.0808,-1.0667,-5.9837,-4.9505,-8.1481,2.1018,-2.7967,3.0151,1.9142,15.375,15.829,0
4.9261,3.8188,0.96718,-5.0761,4.8845,-8.0808,-1.0667,-8.9106,-5.9406,-9.1582,-1.8391,-14.504,-2.0101,-6.9967,7.7193,1.0509,0
7.8818,4.7896,3.0397,-4.0609,6.8647,-3.0303,-6.0667,-8.9106,-3.9604,-9.1582,-7.7504,-20.358,-9.0452,-14.917,5.8054,-14.713,0
-0.98522,-1.0356,-2.1416,-7.1066,-2.0462,-5.0505,-11.067,-10.862,-8.9109,-13.199,-11.691,-24.26,-15.075,-23.827999,5.8054,-31.461,0
-5.9113,-4.9191,-8.3592,-13.198,-4.0264,-9.0909,-11.067,-13.789,-17.822001,-18.249001,-18.587999,-28.163,-23.115999,-30.759001,2.9346,-48.209999,0
-1.9704,-0.06472,-5.2504,-7.1066,2.9043,-5.0505,-8.0667,-5.9837,-14.851,-12.189,-18.587999,-17.431,-21.106001,-22.837999,8.6762,-46.240002,0
-1.9704,-0.06472,-7.323,-4.0609,-1.0561,-5.0505,-8.0667,1.8211,-12.871,-6.1279,-16.617001,-5.7236,-16.08,-11.947,3.8915,-30.476,0
0.98522,1.877,-7.323,-3.0457,-0.06601,-3.0303,-10.067,3.7724,-11.881,-3.0976,-12.677,0.13008,-10.05,-4.0264,1.9777,-11.757,0
-0.98522,1.877,-7.323,-1.0152,-4.0264,8.0808,-8.0667,5.7236,-6.9307,0.94276,-3.8095,5.9837,-1.005,4.8845,2.9346,9.9179,0
2.9557,1.877,-3.1779,-1.0152,-1.0561,1.0101,-0.06667,1.8211,-2.9703,1.9529,2.1018,6.9593,4.0201,8.8449,1.0207,20.754999,0
4.9261,2.8479,7.1848,3.0457,5.8746,0,7.9333,6.6992,1.9802,3.9731,9.9836,9.8862,10.05,12.805,7.7193,27.652,0
5.9113,4.7896,3.0397,1.0152,3.8944,5.0505,-3.0667,5.7236,-3.9604,-1.0774,1.1166,2.0813,0,2.9043,4.8485,11.888,0
1.9231,0,2.7184,-0.96154,-0.0641,-1.9968,0.82935,-2.7804,-2.9068,-0.88889,0.97561,-1.0897,-3.746,-6.7949,2.8436,-1.0159,1
0.96154,-2.9412,0.7767,-3.8462,-0.0641,-2.963,-2.9984,-3.7283,-6.6983,-2.7937,-2.9268,-3.0128,-7.5556,-10.641,-0.94787,-3.873,1
0.96154,-1.9608,-1.165,-3.8462,-0.0641,-3.9291,1.7863,-1.8325,-5.7504,-5.6508,-3.9024,-3.9744,-7.5556,-11.603,-2.8436,-3.873,1
0.96154,-0.98039,-0.19417,-1.9231,-0.0641,-1.0306,2.7432,-0.88468,-2.9068,-4.6984,-0.97561,-3.0128,-5.6508,-7.7564,-1.8957,-1.9683,1
0.96154,1.9608,0.7767,0,-0.0641,-0.06441,-2.0415,0.06319,-1.9589,-1.8413,-3.9024,-2.0513,-6.6032,-3.9103,-1.8957,-0.06349,1
2.8846,2.9412,2.7184,0.96154,0.89744,3.8003,-5.8692,1.0111,-0.06319,1.0159,-4.878,-1.0897,-6.6032,-1.0256,-2.8436,-0.06349,1
2.8846,5.8824,1.7476,2.8846,0.89744,4.7665,-5.8692,1.0111,-1.0111,1.0159,-2.9268,-1.0897,-5.6508,-1.9872,-1.8957,-0.06349,1
-0.96154,1.9608,-3.1068,0,-2.9487,0.90177,-4.9123,-3.7283,-4.8025,-2.7937,-5.8537,-2.0513,-7.5556,-4.8718,-5.6872,-2.9206,1
0,0.98039,-4.0777,1.9231,-2.9487,1.868,-3.9553,-2.7804,-3.8547,-2.7937,-5.8537,-1.0897,-4.6984,-2.9487,-3.7915,-1.9683,1
0,1.9608,-3.1068,0.96154,-1.0256,1.868,-2.0415,1.9589,-1.0111,-0.88889,-2.9268,0.83333,-0.88889,-0.0641,-0.94787,-1.0159,1
-1.9231,1.9608,-3.1068,0.96154,-1.9872,1.868,-0.12759,2.9068,0.88468,1.0159,0,0.83333,1.9683,1.859,0,-1.0159,1
-0.96154,2.9412,-2.1359,0.96154,-1.9872,0.90177,0.82935,1.0111,1.8325,1.9683,4.878,-2.0513,3.873,0.89744,1.8957,-0.06349,1
2.8846,3.9216,0.7767,1.9231,-1.0256,0.90177,2.7432,0.06319,2.7804,1.9683,5.8537,-3.9744,3.873,-1.0256,0.94787,-1.9683,1
2.8846,3.9216,2.7184,3.8462,-0.0641,2.8341,2.7432,1.0111,4.6761,2.9206,2.9268,-3.0128,3.873,-1.0256,-0.94787,-1.0159,1
0.96154,1.9608,3.6893,2.8846,0.89744,2.8341,3.7002,-2.7804,6.5719,2.9206,3.9024,-2.0513,5.7778,-1.0256,0,0.88889,1
4.8077,5.8824,5.6311,4.8077,2.8205,4.7665,5.614,-1.8325,6.5719,1.9683,3.9024,-2.0513,5.7778,-1.9872,0.94787,-0.06349,1
7.6923,8.8235,8.5437,5.7692,4.7436,6.6989,6.571,2.9068,4.6761,1.9683,0,-2.0513,2.9206,-4.8718,-1.8957,-1.9683,1
10.577,10.784,8.5437,7.6923,6.6667,4.7665,6.571,2.9068,3.7283,1.9683,0,-3.0128,1.0159,-5.8333,-3.7915,-3.873,1
9.6154,7.8431,4.6602,3.8462,6.6667,2.8341,2.7432,-0.88468,-0.06319,0.06349,1.9512,-3.0128,-1.8413,-5.8333,-3.7915,-3.873,1
5.7692,1.9608,-0.19417,-1.9231,3.7821,-1.0306,-0.12759,-2.7804,-3.8547,-4.6984,3.9024,-3.0128,-5.6508,-8.7179,-1.8957,-5.7778,1
2.8846,0,-2.1359,-5.7692,0.89744,-1.9968,-2.9984,-3.7283,-7.6461,-7.5556,-0.97561,-2.0513,-9.4603,-7.7564,-3.7915,-4.8254,1
1.9231,1.9608,-2.1359,-3.8462,-1.0256,-1.9968,-6.8262,-2.7804,-9.5419,-6.6032,-4.878,-1.0897,-11.365,-4.8718,-4.7393,-2.9206,1
-0.96154,-3.9216,-2.1359,-4.8077,-1.9872,-5.8615,-5.8692,-7.5197,-8.594,-3.746,-3.9024,0.83333,-9.4603,-1.9872,-2.8436,-1.9683,1
-1.9231,-4.902,-2.1359,-2.8846,-2.9487,-3.9291,-2.9984,0.06319,-5.7504,1.9683,-1.9512,2.7564,-6.6032,2.8205,0,-0.06349,1
0,0,-3.1068,-0.96154,-4.8718,5.7327,-4.9123,6.6983,-7.6461,3.873,-2.9268,2.7564,-7.5556,2.8205,0.94787,-0.06349,1
0.96154,4.902,-4.0777,1.9231,-7.7564,13.462,-6.8262,8.594,-5.7504,3.873,0,3.7179,-6.6032,1.859,2.8436,1.8413,1
-0.96154,3.9216,-5.0485,0.96154,-7.7564,14.428,-4.9123,8.594,-3.8547,0.06349,-1.9512,4.6795,-4.6984,0.89744,2.8436,2.7937,1
-0.96154,3.9216,-4.0777,0.96154,-5.8333,13.462,-2.0415,8.594,-0.06319,0.06349,-0.97561,6.6026,1.0159,2.8205,5.6872,6.6032,1
-1.9231,0,-3.1068,-0.96154,-5.8333,9.5974,0.82935,5.7504,0.88468,0.06349,0.97561,6.6026,3.873,3.7821,8.5308,8.5079,1
-0.96154,2.9412,-2.1359,0,-4.8718,9.5974,1.7863,2.9068,-0.06319,2.9206,0.97561,6.6026,3.873,2.8205,7.5829,7.5556,1
0,6.8627,0.7767,4.8077,-2.9487,11.53,1.7863,7.6461,1.8325,5.7778,0.97561,6.6026,2.9206,2.8205,4.7393,5.6508,1
0,4.902,0.7767,4.8077,-1.0256,9.5974,0.82935,8.594,0.88468,5.7778,0.97561,3.7179,0.06349,0.89744,1.8957,1.8413,1
2.8846,5.8824,2.7184,4.8077,1.859,8.6312,2.7432,4.8025,3.7283,3.873,-0.97561,1.7949,-0.88889,-1.0256,0.94787,0.88889,1
3.8462,6.8627,5.6311,6.7308,3.7821,9.5974,3.7002,4.8025,5.624,3.873,0,0.83333,-0.88889,-1.9872,0.94787,-0.06349,1
6.7308,10.784,7.5728,8.6538,4.7436,10.564,2.7432,1.0111,6.5719,3.873,-2.9268,-0.12821,-1.8413,-1.9872,-0.94787,-2.9206,1
4.8077,8.8235,5.6311,8.6538,2.8205,11.53,-1.0845,1.9589,4.6761,5.7778,-1.9512,-0.12821,-2.7937,-0.0641,-0.94787,-3.873,1
4.8077,8.8235,4.6602,9.6154,1.859,10.564,0.82935,6.6983,3.7283,6.7302,1.9512,1.7949,-1.8413,2.8205,1.8957,-1.9683,1
2.8846,6.8627,2.7184,5.7692,-0.0641,6.6989,2.7432,6.6983,4.6761,3.873,3.9024,2.7564,1.9683,5.7051,1.8957,-0.06349,1
1.9231,3.9216,3.6893,4.8077,0.89744,4.7665,6.571,3.8547,8.4676,3.873,5.8537,3.7179,5.7778,8.5897,3.7915,0.88889,1
1.9231,1.9608,5.6311,4.8077,2.8205,5.7327,7.5279,3.8547,10.363,6.7302,3.9024,3.7179,6.7302,10.513,1.8957,2.7937,1
0,2.9412,2.7184,4.8077,0.89744,5.7327,5.614,0.06319,7.5197,7.6825,4.878,4.6795,5.7778,11.474,1.8957,5.6508,1
-3.8462,0,-3.1068,0.96154,-1.9872,3.8003,4.6571,1.0111,1.8325,5.7778,7.8049,3.7179,5.7778,11.474,7.5829,7.5556,1
-4.8077,0,-6.0194,0,-3.9103,0.90177,1.7863,1.0111,-1.0111,2.9206,2.9268,1.7949,3.873,8.5897,3.7915,7.5556,1
-3.8462,-1.9608,-5.0485,-0.96154,-3.9103,-0.06441,0.82935,-1.8325,0.88468,0.06349,1.9512,-0.12821,2.9206,1.859,1.8957,5.6508,1
0,0,-2.1359,0,-1.0256,1.868,2.7432,-2.7804,2.7804,-3.746,3.9024,-3.0128,3.873,-4.8718,4.7393,6.6032,1
-1.9231,0,-3.1068,0,-1.9872,0.90177,2.7432,-2.7804,2.7804,-6.6032,2.9268,-3.9744,3.873,-9.6795,4.7393,6.6032,1
-4.8077,-5.8824,-6.0194,-5.7692,-3.9103,-1.0306,-0.12759,-4.6761,-1.0111,-9.4603,2.9268,-3.9744,1.0159,-10.641,3.7915,4.6984,1
-1.9231,-3.9216,-4.0777,-5.7692,-1.9872,-1.9968,0.82935,-6.5719,-0.06319,-7.5556,1.9512,-2.0513,1.9683,-5.8333,4.7393,5.6508,1
0,-2.9412,-3.1068,-5.7692,-1.0256,-1.0306,-2.9984,-3.7283,-2.9068,-4.6984,1.9512,-1.0897,1.9683,-0.0641,4.7393,4.6984,1
0.96154,0.98039,-2.1359,-0.96154,0.89744,0.90177,0.82935,1.9589,-1.9589,-0.88889,1.9512,1.7949,2.9206,5.7051,3.7915,2.7937,1
-0.96154,0.98039,-2.1359,0,-0.0641,-0.06441,1.7863,1.0111,-1.0111,0.06349,1.9512,1.7949,3.873,8.5897,0.94787,0.88889,1
0.96154,2.9412,-1.165,1.9231,-0.0641,0.90177,0.82935,1.0111,-0.06319,2.9206,2.9268,3.7179,4.8254,11.474,2.8436,2.7937,1
-0.96154,0.98039,-1.165,0,-1.0256,2.8341,-0.12759,2.9068,-1.9589,4.8254,3.9024,5.641,3.873,13.397,5.6872,5.6508,1
-4.8077,-0.98039,-4.0777,-0.96154,-3.9103,-0.06441,-0.12759,1.9589,-4.8025,2.9206,0.97561,6.6026,-0.88889,10.513,4.7393,4.6984,1
-2.8846,-1.9608,-4.0777,-2.8846,-2.9487,-1.0306,-1.0845,-3.7283,-3.8547,1.0159,1.9512,4.6795,-0.88889,6.6667,3.7915,4.6984,1
0.96154,1.9608,0.7767,-1.9231,-0.0641,-1.9968,0.82935,-4.6761,1.8325,-1.8413,1.9512,0.83333,0.06349,2.8205,0.94787,1.8413,1
0.96154,1.9608,3.6893,0,2.8205,-2.963,4.6571,-4.6761,5.624,-2.7937,-0.97561,-4.9359,1.0159,-1.0256,-3.7915,-2.9206,1
1.9231,3.9216,5.6311,2.8846,3.7821,-1.9968,7.5279,-7.5197,9.4155,-0.88889,0.97561,-5.8974,3.873,-1.0256,0,-1.0159,1
1.9231,0,3.6893,-0.96154,3.7821,-3.9291,5.614,-7.5197,8.4676,-1.8413,0,-5.8974,3.873,-1.9872,0,-1.0159,1
3.8462,0,1.7476,-2.8846,3.7821,-3.9291,1.7863,-3.7283,5.624,-2.7937,0,-3.9744,2.9206,-1.9872,0,-1.0159,1
-0.96154,0,-2.1359,-4.8077,1.859,-1.9968,-0.12759,-2.7804,-1.0111,-3.746,-0.97561,-3.0128,1.9683,-2.9487,0,-1.0159,1
-0.96154,-0.98039,-3.1068,-2.8846,0.89744,-1.0306,2.7432,-7.5197,-2.9068,-3.746,-2.9268,-3.0128,1.9683,-1.9872,0,-1.0159,1
3.8462,3.9216,0.7767,1.9231,2.8205,0.90177,2.7432,-1.8325,0.88468,-1.8413,-0.97561,-1.0897,2.9206,-1.0256,0,-1.0159,1
5.7692,7.8431,2.7184,0.96154,5.7051,1.868,2.7432,2.9068,2.7804,0.06349,0.97561,-0.12821,4.8254,0.89744,0,-0.06349,1
8.6538,7.8431,3.6893,1.9231,5.7051,1.868,3.7002,0.06319,5.624,1.9683,2.9268,1.7949,7.6825,5.7051,1.8957,1.8413,1
10.577,7.8431,2.7184,0.96154,5.7051,1.868,2.7432,0.06319,4.6761,1.0159,3.9024,1.7949,8.6349,6.6667,1.8957,1.8413,1
13.462,12.745,1.7476,2.8846,5.7051,1.868,1.7863,-0.88468,2.7804,0.06349,0.97561,1.7949,6.7302,5.7051,0,0.88889,1
14.423,14.706,1.7476,4.8077,6.6667,4.7665,-0.12759,0.06319,-0.06319,1.0159,0,2.7564,3.873,5.7051,-0.94787,1.8413,1
16.346001,16.667,2.7184,5.7692,7.6282,5.7327,-0.12759,-0.88468,-2.9068,0.06349,-0.97561,2.7564,0.06349,2.8205,-2.8436,-0.06349,1
16.346001,19.608,2.7184,6.7308,7.6282,8.6312,-0.12759,-1.8325,-6.6983,0.06349,-1.9512,1.7949,-0.88889,0.89744,-2.8436,-0.06349,1
20.191999,24.51,3.6893,11.538,6.6667,11.53,-2.0415,4.8025,-5.7504,2.9206,0,3.7179,-2.7937,1.859,-1.8957,1.8413,1
24.038,25.49,9.5146,14.423,6.6667,11.53,-4.9123,6.6983,-0.06319,7.6825,1.9512,4.6795,0.06349,4.7436,3.7915,3.746,1
28.846001,31.372999,12.427,20.191999,8.5897,16.361,-4.9123,8.594,2.7804,10.54,-0.97561,2.7564,-0.88889,2.8205,0,1.8413,1
27.885,34.313999,11.456,22.115,8.5897,20.225,-3.9553,9.5419,0.88468,10.54,-7.8049,-0.12821,-4.6984,-0.0641,-5.6872,-2.9206,1
24.038,30.392,8.5437,19.231001,6.6667,16.361,-2.0415,1.0111,1.8325,8.6349,-4.878,-2.0513,-3.746,-1.0256,-2.8436,-2.9206,1
18.268999,24.51,3.6893,11.538,4.7436,11.53,0.82935,-2.7804,0.88468,2.9206,3.9024,-7.8205,-2.7937,-2.9487,1.8957,-2.9206,1
14.423,20.587999,2.7184,7.6923,2.8205,10.564,2.7432,-1.8325,1.8325,0.06349,4.878,-7.8205,-1.8413,-2.9487,4.7393,-1.0159,1
8.6538,14.706,0.7767,5.7692,1.859,8.6312,3.7002,0.06319,-0.06319,0.06349,3.9024,-3.0128,-3.746,-2.9487,3.7915,-0.06349,1
5.7692,12.745,-1.165,2.8846,2.8205,10.564,1.7863,3.8547,-3.8547,0.06349,-1.9512,3.7179,-5.6508,-1.0256,-0.94787,-0.06349,1
4.8077,12.745,-1.165,2.8846,1.859,8.6312,-0.12759,3.8547,-3.8547,-1.8413,-6.8293,6.6026,-5.6508,-0.0641,-6.6351,0.88889,1
4.8077,7.8431,-1.165,0.96154,0.89744,5.7327,-0.12759,1.0111,-3.8547,-2.7937,-3.9024,6.6026,-4.6984,0.89744,-6.6351,0.88889,1
3.8462,3.9216,-0.19417,1.9231,-0.0641,2.8341,-2.0415,-3.7283,-0.06319,-0.88889,-2.9268,6.6026,-1.8413,4.7436,-4.7393,2.7937,1
-0.96154,-2.9412,-1.165,-1.9231,-1.9872,-2.963,-0.12759,-6.5719,0.88468,-0.88889,-1.9512,3.7179,1.9683,6.6667,-1.8957,3.746,1
-1.9231,-3.9216,-2.1359,-2.8846,-2.9487,-6.8277,-0.12759,-2.7804,0.88468,0.06349,2.9268,1.7949,2.9206,7.6282,0.94787,3.746,1
-2.8846,-3.9216,-2.1359,-2.8846,-3.9103,-3.9291,-3.9553,-0.88468,-1.0111,-0.88889,1.9512,-0.12821,2.9206,5.7051,-0.94787,0.88889,1
-3.8462,-2.9412,-1.165,-0.96154,-2.9487,-0.06441,-5.8692,1.0111,-1.0111,-2.7937,0.97561,-0.12821,2.9206,1.859,-0.94787,-1.0159,1
-6.7308,-6.8627,-1.165,-1.9231,-2.9487,1.868,-4.9123,1.0111,-1.0111,-2.7937,2.9268,-1.0897,2.9206,-1.9872,0,-1.0159,1
-6.7308,-4.902,-0.19417,0.96154,-2.9487,2.8341,-0.12759,-0.88468,0.88468,-0.88889,0,-0.12821,1.9683,-2.9487,-1.8957,-1.9683,1
-5.7692,-3.9216,0.7767,2.8846,-2.9487,5.7327,0.82935,1.9589,-0.06319,1.0159,0,-1.0897,0.06349,-1.9872,0,-2.9206,1
-6.7308,-4.902,-2.1359,0.96154,-4.8718,4.7665,0.82935,4.8025,-1.9589,0.06349,0,-0.12821,-2.7937,-2.9487,0,-3.873,1
-11.538,-8.8235,-6.9903,-3.8462,-6.7949,1.868,-0.12759,4.8025,-5.7504,-1.8413,-0.97561,-1.0897,-5.6508,-3.9103,-3.7915,-4.8254,1
-11.538,-9.8039,-7.9612,-5.7692,-4.8718,-1.0306,-0.12759,1.0111,-6.6983,-2.7937,-3.9024,-3.9744,-6.6032,-4.8718,-6.6351,-7.6825,1
-10.577,-11.765,-6.0194,-7.6923,-1.9872,-4.8953,1.7863,-1.8325,-5.7504,-6.6032,-9.7561,-7.8205,-6.6032,-9.6795,-10.427,-11.492,1
-9.6154,-10.784,-3.1068,-9.6154,0.89744,-7.7939,1.7863,-5.624,-3.8547,-13.27,-7.8049,-11.667,-6.6032,-15.449,-10.427,-13.397,1
-5.7692,-10.784,-0.19417,-8.6538,2.8205,-8.7601,0.82935,-8.4676,-1.9589,-14.222,-5.8537,-9.7436,-4.6984,-15.449,-7.5829,-10.54,1
-4.8077,-10.784,0.7767,-9.6154,4.7436,-10.692,0.82935,-11.311,-1.9589,-15.175,-3.9024,-8.7821,-4.6984,-15.449,-6.6351,-9.5873,1
-2.8846,-9.8039,0.7767,-8.6538,5.7051,-12.625,2.7432,-8.4676,-0.06319,-14.222,0,-6.859,-2.7937,-13.526,-3.7915,-7.6825,1
-4.8077,-13.725,-0.19417,-10.577,3.7821,-13.591,0.82935,-10.363,-0.06319,-12.317,1.9512,-4.9359,-1.8413,-8.7179,-0.94787,-4.8254,1
-7.6923,-15.686,-3.1068,-11.538,-1.0256,-18.422001,-3.9553,-10.363,-1.0111,-9.4603,1.9512,-1.0897,-1.8413,-2.9487,0.94787,-1.9683,1
-12.5,-19.608,-6.0194,-13.462,-2.9487,-19.388,-4.9123,-4.6761,-1.0111,-4.6984,3.9024,3.7179,0.06349,4.7436,4.7393,2.7937,1
-13.462,-16.667,-6.9903,-8.6538,-3.9103,-15.523,-2.9984,-0.88468,-1.0111,0.06349,0,5.641,0.06349,7.6282,2.8436,3.746,1
-12.5,-13.725,-6.0194,-4.8077,-4.8718,-9.7262,-5.8692,1.9589,-1.0111,2.9206,0,7.5641,1.0159,8.5897,2.8436,5.6508,1
-12.5,-11.765,-6.0194,-0.96154,-6.7949,-5.8615,-4.9123,5.7504,-0.06319,4.8254,2.9268,7.5641,4.8254,9.5513,6.6351,9.4603,1
-12.5,-13.725,-7.9612,0.96154,-9.6795,-2.963,-2.9984,1.9589,-2.9068,2.9206,3.9024,5.641,3.873,6.6667,8.5308,9.4603,1
-12.5,-8.8235,-9.9029,-0.96154,-12.564,-1.9968,-1.0845,2.9068,-4.8025,-0.88889,3.9024,3.7179,1.9683,3.7821,7.5829,8.5079,1
-11.538,-5.8824,-8.932,-4.8077,-9.6795,-2.963,-1.0845,2.9068,-2.9068,-4.6984,1.9512,-0.12821,3.873,0.89744,5.6872,5.6508,1
-9.6154,-7.8431,-8.932,-5.7692,-7.7564,-5.8615,-0.12759,-2.7804,-2.9068,-6.6032,2.9268,-3.9744,3.873,-2.9487,5.6872,2.7937,1
-8.6538,-7.8431,-9.9029,-6.7308,-5.8333,-7.7939,0.82935,-3.7283,-6.6983,-7.5556,3.9024,-4.9359,1.0159,-7.7564,2.8436,-1.0159,1
-6.7308,-7.8431,-6.0194,-6.7308,-1.9872,-9.7262,3.7002,-4.6761,-5.7504,-7.5556,0.97561,-5.8974,-1.8413,-8.7179,0.94787,-2.9206,1
-2.8846,-3.9216,-0.19417,-1.9231,-0.0641,-8.7601,0.82935,-3.7283,-3.8547,-5.6508,-5.8537,-3.9744,-5.6508,-7.7564,-5.6872,-5.7778,1
0,-2.9412,2.7184,0,2.8205,-6.8277,-1.0845,-3.7283,-1.9589,-1.8413,-5.8537,-3.0128,-7.5556,-5.8333,-9.4787,-7.6825,1
1.9231,0,6.6019,4.8077,4.7436,-3.9291,-2.0415,-2.7804,3.7283,3.873,-3.9024,-0.12821,-4.6984,-1.9872,-5.6872,-7.6825,1
1.9231,-2.9412,10.485,6.7308,4.7436,-1.9968,-2.9984,-1.8325,7.5197,9.5873,-1.9512,0.83333,-0.88889,0.89744,-1.8957,-4.8254,1
1.9231,-2.9412,11.456,8.6538,3.7821,-1.9968,-2.0415,3.8547,9.4155,9.5873,0,1.7949,1.9683,0.89744,0.94787,-3.873,1
-0.96154,-4.902,8.5437,4.8077,2.8205,-1.9968,-2.9984,5.7504,9.4155,7.6825,0,1.7949,3.873,0.89744,0.94787,-3.873,1
0,-3.9216,7.5728,2.8846,3.7821,-3.9291,-2.0415,3.8547,9.4155,5.7778,1.9512,3.7179,5.7778,3.7821,0.94787,-1.9683,1
0,-4.902,6.6019,0,1.859,-5.8615,-4.9123,4.8025,8.4676,5.7778,0,5.641,5.7778,7.6282,0.94787,0.88889,1
-2.8846,-6.8627,2.7184,-1.9231,-1.9872,-7.7939,-3.9553,3.8547,4.6761,3.873,-0.97561,6.6026,4.8254,9.5513,0.94787,2.7937,1
-10.577,-12.745,-5.0485,-6.7308,-7.7564,-8.7601,-2.9984,2.9068,-0.06319,1.0159,0.97561,7.5641,3.873,8.5897,1.8957,4.6984,1
-10.577,-11.765,-6.9903,-4.8077,-9.6795,-6.8277,-2.9984,-1.8325,-1.9589,0.06349,1.9512,6.6026,2.9206,6.6667,1.8957,6.6032,1
-8.6538,-8.8235,-6.0194,-2.8846,-8.7179,-2.963,-3.9553,1.9589,-3.8547,1.9683,0.97561,6.6026,1.0159,6.6667,2.8436,7.5556,1
-4.8077,-2.9412,-5.0485,0.96154,-7.7564,-0.06441,-3.9553,6.6983,-4.8025,3.873,-0.97561,4.6795,-0.88889,6.6667,1.8957,6.6032,1
-2.8846,-5.8824,-3.1068,1.9231,-6.7949,0.90177,-2.0415,4.8025,-5.7504,4.8254,-0.97561,0.83333,-1.8413,6.6667,1.8957,4.6984,1
-2.8846,-3.9216,-1.165,0.96154,-4.8718,-1.0306,-1.0845,1.9589,-4.8025,3.873,0.97561,-2.0513,-1.8413,7.6282,2.8436,3.746,1
-2.8846,-0.98039,-0.19417,-1.9231,-1.9872,-4.8953,-0.12759,-0.88468,-4.8025,2.9206,0,-3.9744,-1.8413,8.5897,0.94787,2.7937,1
-2.8846,-2.9412,1.7476,-3.8462,1.859,-6.8277,2.7432,-1.8325,-4.8025,2.9206,0,-3.9744,0.06349,8.5897,1.8957,2.7937,1
-0.96154,-3.9216,4.6602,-2.8846,5.7051,-8.7601,6.571,-3.7283,-1.9589,1.9683,0,-3.0128,1.0159,5.7051,1.8957,1.8413,1
-1.9231,-7.8431,5.6311,-4.8077,7.6282,-9.7262,5.614,-9.4155,-1.0111,1.0159,0,-3.9744,0.06349,0.89744,1.8957,-0.06349,1
-3.8462,-9.8039,4.6602,-3.8462,5.7051,-10.692,2.7432,-5.624,-0.06319,0.06349,1.9512,-3.9744,0.06349,-1.9872,1.8957,-1.9683,1
-5.7692,-12.745,2.7184,-6.7308,4.7436,-12.625,2.7432,-2.7804,-1.0111,-2.7937,0,-4.9359,-1.8413,-4.8718,0.94787,-2.9206,1
-3.8462,-13.725,2.7184,-10.577,4.7436,-16.49,4.6571,-6.5719,-0.06319,-8.5079,-0.97561,-5.8974,-2.7937,-11.603,-1.8957,-5.7778,1
-2.8846,-14.706,2.7184,-14.423,5.7051,-17.455999,3.7002,-6.5719,-1.9589,-12.317,-0.97561,-7.8205,-2.7937,-14.487,-2.8436,-7.6825,1
1.9231,-10.784,5.6311,-10.577,9.5513,-13.591,6.571,-4.6761,-1.0111,-11.365,0.97561,-6.859,-1.8413,-14.487,-0.94787,-6.7302,1
5.7692,-1.9608,8.5437,-1.9231,12.436,-2.963,4.6571,1.0111,-0.06319,-3.746,-2.9268,-3.9744,-1.8413,-11.603,-3.7915,-6.7302,1
4.8077,2.9412,5.6311,3.8462,8.5897,3.8003,1.7863,4.8025,-2.9068,1.0159,-6.8293,-3.0128,-4.6984,-9.6795,-8.5308,-7.6825,1
2.8846,3.9216,1.7476,5.7692,4.7436,7.6651,0.82935,7.6461,-3.8547,3.873,-5.8537,0.83333,-3.746,-3.9103,-5.6872,-4.8254,1
0,1.9608,-3.1068,2.8846,1.859,5.7327,-1.0845,1.9589,-3.8547,1.9683,-1.9512,1.7949,-4.6984,-2.9487,-2.8436,-2.9206,1
1.9231,0.98039,-0.19417,0,2.8205,4.7665,-1.0845,1.9589,-2.9068,-1.8413,-4.878,0.83333,-6.6032,-4.8718,-4.7393,-3.873,1
5.7692,4.902,4.6602,1.9231,5.7051,4.7665,0.82935,5.7504,1.8325,-1.8413,-6.8293,0.83333,-5.6508,-4.8718,-7.5829,-4.8254,1
4.8077,3.9216,5.6311,0.96154,6.6667,1.868,2.7432,1.0111,4.6761,-0.88889,-4.878,-2.0513,-4.6984,-3.9103,-6.6351,-4.8254,1
3.8462,0.98039,5.6311,0.96154,6.6667,-1.9968,3.7002,-2.7804,3.7283,0.06349,-1.9512,-3.0128,-2.7937,-1.9872,-3.7915,-3.873,1
5.7692,2.9412,5.6311,2.8846,6.6667,-2.963,4.6571,-4.6761,2.7804,1.0159,0,-3.9744,-0.88889,-1.0256,-1.8957,-3.873,1
7.6923,3.9216,6.6019,1.9231,7.6282,-1.9968,5.614,-5.624,2.7804,-0.88889,-2.9268,-6.859,-1.8413,-1.9872,-5.6872,-5.7778,1
7.6923,4.902,4.6602,0.96154,6.6667,-1.9968,5.614,-6.5719,1.8325,-3.746,-1.9512,-7.8205,-1.8413,-4.8718,-7.5829,-5.7778,1
6.7308,4.902,1.7476,-0.96154,4.7436,-0.06441,4.6571,-7.5197,2.7804,-5.6508,2.9268,-5.8974,1.9683,-3.9103,-0.94787,-3.873,1
5.7692,3.9216,-0.19417,-0.96154,3.7821,-0.06441,5.614,-5.624,4.6761,-2.7937,4.878,-3.9744,4.8254,-2.9487,0.94787,-1.9683,1
2.8846,0.98039,-0.19417,-2.8846,1.859,0.90177,1.7863,-0.88468,5.624,-0.88889,5.8537,-3.0128,5.7778,-1.9872,0.94787,-1.9683,1
5.7692,3.9216,0.7767,0,1.859,1.868,2.7432,3.8547,4.6761,1.9683,4.878,-0.12821,4.8254,-0.0641,1.8957,-0.06349,1
4.8077,4.902,-1.165,0.96154,-0.0641,4.7665,3.7002,4.8025,0.88468,2.9206,2.9268,1.7949,2.9206,1.859,0.94787,2.7937,1
2.8846,1.9608,-3.1068,0,-1.0256,2.8341,3.7002,7.6461,-0.06319,1.9683,2.9268,4.6795,2.9206,2.8205,3.7915,5.6508,1
7.6923,4.902,-5.0485,-2.8846,2.8205,2.8341,1.7863,5.7504,-5.7504,-2.7937,2.9268,2.7564,-1.8413,-1.9872,2.8436,1.8413,1
16.346001,12.745,-4.0777,-1.9231,7.6282,5.7327,-1.0845,6.6983,-9.5419,-3.746,-4.878,2.7564,-8.5079,-5.8333,-3.7915,-1.9683,1
18.268999,10.784,-1.165,0,10.513,5.7327,-2.0415,2.9068,-8.594,-1.8413,-7.8049,1.7949,-9.4603,-4.8718,-6.6351,-3.873,1
20.191999,19.608,1.7476,4.8077,10.513,10.564,-1.0845,2.9068,-4.8025,1.0159,-5.8537,2.7564,-5.6508,-1.9872,-5.6872,-2.9206,1
18.268999,22.549,3.6893,6.7308,9.5513,12.496,-1.0845,5.7504,-0.06319,3.873,-1.9512,3.7179,-0.88889,1.859,-1.8957,-0.06349,1
15.385,17.646999,4.6602,5.7692,8.5897,8.6312,-0.12759,4.8025,2.7804,3.873,0.97561,2.7564,2.9206,2.8205,1.8957,2.7937,1
12.5,13.725,4.6602,4.8077,6.6667,5.7327,1.7863,2.9068,4.6761,2.9206,4.878,1.7949,4.8254,3.7821,4.7393,2.7937,1
8.6538,7.8431,2.7184,3.8462,4.7436,2.8341,0.82935,1.0111,3.7283,1.0159,3.9024,2.7564,3.873,2.8205,3.7915,3.746,1
5.7692,6.8627,0.7767,2.8846,2.8205,1.868,-0.12759,0.06319,2.7804,1.0159,0.97561,2.7564,1.9683,1.859,1.8957,2.7937,1
3.8462,3.9216,2.7184,0.96154,4.7436,-0.06441,1.7863,-1.8325,4.6761,1.0159,0.97561,1.7949,1.9683,0.89744,0.94787,0.88889,1
6.7308,5.8824,5.6311,2.8846,7.6282,-1.0306,5.614,-2.7804,8.4676,1.0159,1.9512,0.83333,3.873,1.859,0.94787,0.88889,1
5.7692,2.9412,6.6019,1.9231,7.6282,-1.0306,5.614,-6.5719,9.4155,1.0159,1.9512,-0.12821,3.873,0.89744,-0.94787,-0.06349,1
4.8077,2.9412,7.5728,3.8462,7.6282,-1.9968,6.571,-1.8325,11.311,1.9683,2.9268,-0.12821,4.8254,0.89744,-0.94787,-1.0159,1
2.8846,2.9412,7.5728,4.8077,8.5897,-0.06441,6.571,2.9068,11.311,4.8254,3.9024,1.7949,6.7302,3.7821,0,-0.06349,1
0.96154,1.9608,3.6893,3.8462,7.6282,-1.0306,4.6571,1.9589,7.5197,4.8254,4.878,2.7564,5.7778,4.7436,0,-1.0159,1
0.96154,-1.9608,1.7476,-0.96154,5.7051,-1.9968,2.7432,1.0111,5.624,1.9683,3.9024,0.83333,4.8254,1.859,-0.94787,-2.9206,1
0.96154,-1.9608,0.7767,-2.8846,4.7436,-2.963,5.614,0.06319,3.7283,-1.8413,4.878,0.83333,3.873,-0.0641,0,-1.0159,1
-3.8462,-3.9216,-3.1068,-6.7308,0.89744,-3.9291,3.7002,0.06319,0.88468,-6.6032,7.8049,1.7949,3.873,-2.9487,4.7393,1.8413,1
-3.8462,-1.9608,-5.0485,-6.7308,-1.9872,-2.963,0.82935,0.06319,-0.06319,-7.5556,5.8537,0.83333,2.9206,-2.9487,5.6872,4.6984,1
-5.7692,-4.902,-6.0194,-6.7308,-3.9103,-2.963,-2.9984,-0.88468,-3.8547,-5.6508,2.9268,-0.12821,-0.88889,-1.9872,5.6872,5.6508,1
-6.7308,-5.8824,-7.9612,-5.7692,-4.8718,-1.9968,-5.8692,-1.8325,-7.6461,-3.746,0.97561,0.83333,-3.746,-1.0256,4.7393,6.6032,1
-7.6923,-4.902,-8.932,-3.8462,-5.8333,-0.06441,-5.8692,-2.7804,-8.594,-2.7937,1.9512,3.7179,-4.6984,-0.0641,3.7915,6.6032,1
-8.6538,-5.8824,-6.9903,-2.8846,-5.8333,-1.0306,-4.9123,1.9589,-2.9068,-0.88889,0.97561,4.6795,-0.88889,2.8205,4.7393,7.5556,1
-6.7308,-3.9216,-3.1068,0,-3.9103,-0.06441,-2.0415,5.7504,3.7283,2.9206,-0.97561,5.641,2.9206,7.6282,2.8436,7.5556,1
-5.7692,-2.9412,-2.1359,0.96154,-3.9103,1.868,-0.12759,6.6983,5.624,6.7302,1.9512,6.6026,4.8254,10.513,2.8436,7.5556,1
-5.7692,-1.9608,-3.1068,3.8462,-3.9103,2.8341,0.82935,9.5419,2.7804,8.6349,0.97561,5.641,3.873,9.5513,1.8957,4.6984,1
-4.8077,-5.8824,-2.1359,3.8462,-1.9872,2.8341,-0.12759,6.6983,-1.0111,7.6825,-1.9512,4.6795,-0.88889,5.7051,0,1.8413,1
0,0.98039,0.7767,6.7308,1.859,4.7665,-0.12759,3.8547,-1.0111,3.873,-3.9024,3.7179,-3.746,1.859,-3.7915,-0.06349,1
2.8846,6.8627,4.6602,5.7692,4.7436,4.7665,-0.12759,-6.5719,-0.06319,-0.88889,-4.878,-0.12821,-6.6032,-2.9487,-6.6351,-2.9206,1
5.7692,7.8431,8.5437,4.8077,6.6667,1.868,-0.12759,-4.6761,0.88468,-2.7937,-3.9024,-3.0128,-8.5079,-4.8718,-5.6872,-3.873,1
5.7692,3.9216,7.5728,2.8846,5.7051,-0.06441,-1.0845,0.06319,0.88468,-1.8413,-2.9268,-3.0128,-9.4603,-3.9103,-2.8436,-1.9683,1
4.8077,1.9608,3.6893,1.9231,3.7821,0.90177,-3.9553,0.06319,-1.9589,0.06349,-4.878,-2.0513,-11.365,-1.9872,-1.8957,-1.0159,1
2.8846,0,0.7767,0,1.859,2.8341,-8.74,1.9589,-3.8547,1.9683,-4.878,-2.0513,-9.4603,-1.0256,0,0.88889,1
0.96154,0,-1.165,-0.96154,-0.0641,2.8341,-6.8262,1.0111,-1.9589,1.0159,0,-1.0897,-2.7937,0.89744,5.6872,3.746,1
-1.9231,-3.9216,-1.165,-2.8846,-1.9872,2.8341,-4.9123,0.06319,0.88468,0.06349,3.9024,0.83333,2.9206,4.7436,7.5829,6.6032,1
-3.8462,-4.902,-2.1359,-2.8846,-5.8333,3.8003,-7.7831,1.9589,3.7283,1.0159,4.878,5.641,7.6825,8.5897,9.4787,10.413,1
-5.7692,-6.8627,-4.0777,-2.8846,-7.7564,4.7665,-7.7831,3.8547,2.7804,0.06349,5.8537,7.5641,8.6349,7.6282,10.427,12.317,1
-5.7692,-5.8824,-6.0194,-2.8846,-6.7949,3.8003,-4.9123,3.8547,-1.0111,-0.88889,6.8293,7.5641,6.7302,2.8205,10.427,10.413,1
-4.8077,-4.902,-6.9903,-3.8462,-5.8333,-1.0306,-0.12759,-2.7804,-3.8547,-0.88889,7.8049,5.641,2.9206,-2.9487,6.6351,5.6508,1
-6.7308,-7.8431,-6.9903,-6.7308,-4.8718,-5.8615,0.82935,-2.7804,-4.8025,-4.6984,2.9268,2.7564,-0.88889,-6.7949,1.8957,2.7937,1
-9.6154,-7.8431,-8.932,-8.6538,-7.7564,-7.7939,-0.12759,-1.8325,-5.7504,-8.5079,-1.9512,2.7564,-4.6984,-6.7949,0.94787,1.8413,1
-12.5,-10.784,-10.874,-14.423,-7.7564,-11.659,-2.0415,-7.5197,-7.6461,-13.27,-4.878,0.83333,-8.5079,-9.6795,-0.94787,-0.06349,1
-8.6538,-8.8235,-8.932,-13.462,-4.8718,-12.625,-0.12759,-10.363,-6.6983,-15.175,-4.878,-3.9744,-10.413,-11.603,0,-2.9206,1
-2.8846,-4.902,-2.1359,-7.6923,0.89744,-9.7262,1.7863,-13.207,-1.9589,-9.4603,-3.9024,-10.705,-8.5079,-11.603,-2.8436,-5.7778,1
2.8846,-0.98039,6.6019,0.96154,6.6667,-9.7262,7.5279,-15.103,5.624,-3.746,-1.9512,-16.474001,-4.6984,-10.641,-4.7393,-9.5873,1
4.476,-2.7403,-2.5017,0.095121,-7.0917,-0.42704,-2.5918,-3.3238,0.9995,0.87011,-0.080058,2.8075,-0.52398,1.9341,-3.7614,-1.144,2
1.208,-3.3088,-4.4178,-0.52935,-8.5782,0.40699,-3.0996,-3.6005,-0.048363,-0.17258,-0.12965,3.2872,-1.0667,1.5357,-5.1933,-2.2263,2
-2.546,-3.7083,-6.4109,-1.0033,-10.22,1.877,-3.6952,-3.8673,-1.1323,-1.3285,-0.094006,3.9756,-1.6743,1.1285,-6.5565,-3.0953,2
-6.1871,-3.6804,-8.0297,-1.1031,-11.721,4.0157,-4.2652,-4.053,-1.9841,-2.3607,0.076473,4.8331,-2.2293,0.79364,-7.4787,-3.4209,2
-9.111,-3.0027,-8.8444,-0.6514,-12.784,6.7177,-4.6708,-4.0965,-2.3372,-3.0255,0.40193,5.7805,-2.6145,0.58741,-7.643,-2.9829,2
-10.882,-1.5795,-8.5962,0.41845,-13.195,9.7431,-4.7778,-3.9759,-2.0216,-3.1598,0.86998,6.7141,-2.7528,0.50809,-6.9019,-1.7585,2
-11.36,0.49351,-7.2832,2.0272,-12.869,12.765,-4.4872,-3.7052,-1.0141,-2.7306,1.431,7.5168,-2.625,0.49752,-5.3358,0.027729,2
-10.724,2.9184,-5.1539,3.9593,-11.859,15.421,-3.7303,-3.3535,0.5498,-1.8591,2.0106,8.0772,-2.2871,0.44111,-3.2366,1.9538,2
-9.3421,5.2558,-2.6224,5.923,-10.307,17.404,-2.4912,-3.0176,2.4207,-0.77951,2.519,8.3103,-1.8511,0.2102,-1.02,3.5153,2
-7.6635,7.0347,-0.13109,7.6253,-8.3853,18.491,-0.79387,-2.8081,4.3146,0.23423,2.8832,8.1458,-1.4519,-0.30978,0.89306,4.2651,2
-5.9874,7.8993,1.9791,8.8394,-6.2576,18.598,1.2915,-2.816,5.9952,0.957,3.0552,7.5518,-1.2103,-1.1805,2.1841,3.9327,2
-4.4585,7.7124,3.5403,9.4559,-4.06,17.769,3.6547,-3.1006,7.327,1.269,3.0227,6.5298,-1.2033,-2.3985,2.7039,2.4927,2
-3.0294,6.5954,4.5647,9.4971,-1.8908,16.177,6.1472,-3.6617,8.2913,1.1848,2.8165,5.124,-1.4379,-3.895,2.4859,0.14926,2
-1.5556,4.892,5.1924,9.0898,0.16872,14.093,8.6031,-4.4462,8.9644,0.82535,2.4926,3.4243,-1.8564,-5.5378,1.7297,-2.7215,2
0.12831,3.0595,5.6137,8.4288,2.0599,11.858,10.862,-5.3394,9.4775,0.37378,2.1315,1.5647,-2.3273,-7.1683,0.73377,-5.6749,2
2.117,1.539,6.0053,7.7235,3.7545,9.8231,12.803,-6.2029,9.9618,0.0064648,1.82,-0.295,-2.6898,-8.6119,-0.16326,-8.2797,2
4.3815,0.63065,6.4651,7.1355,5.2561,8.2858,14.353,-6.9024,10.502,-0.15679,1.6278,-1.9902,-2.7843,-9.7153,-0.65956,-10.22,2
6.7616,0.43587,7.0053,6.7472,6.5856,7.4173,15.474,-7.3609,11.105,-0.092275,1.5906,-3.3868,-2.5129,-10.387,-0.56063,-11.329,2
8.9788,0.85326,7.5525,6.5396,7.7393,7.1974,16.137,-7.6,11.681,0.12364,1.6852,-4.4271,-1.8826,-10.614,0.16873,-11.634,2
10.681,1.6284,7.9686,6.389,8.6622,7.4209,16.279,-7.7422,12.056,0.33165,1.8324,-5.1277,-1.03,-10.493,1.3927,-11.306,2
11.509,2.4374,8.0875,6.1132,9.2125,7.7316,15.803,-7.9912,12.006,0.33692,1.9068,-5.5815,-0.20533,-10.189,2.8313,-10.625,2
11.164,2.976,7.7588,5.5252,9.1785,7.7443,14.608,-8.5583,11.321,-0.034348,1.7828,-5.909,0.3024,-9.9022,4.1425,-9.8825,2
9.5016,3.0217,6.8917,4.4997,8.3558,7.1556,12.673,-9.5681,9.8797,-0.87956,1.3969,-6.206,0.25163,-9.7964,5.0261,-9.3069,2
6.5961,2.4731,5.4983,3.0225,6.6291,5.8437,10.115,-10.999,7.7133,-2.1843,0.78939,-6.4862,-0.4557,-9.9233,5.3296,-8.9836,2
2.7685,1.3601,3.7063,1.2062,4.0552,3.8994,7.2474,-12.657,5.0266,-3.8181,0.12452,-6.6766,-1.7286,-10.214,5.0881,-8.8461,2
-1.4716,-0.1783,1.7395,-0.74491,0.90251,1.5808,4.5217,-14.218,2.1655,-5.5717,-0.34198,-6.6355,-3.2973,-10.493,4.5365,-8.6947,2
-5.5146,-1.9333,-0.12935,-2.593,-2.3996,-0.79591,2.4348,-15.342,-0.46203,-7.2108,-0.34663,-6.2273,-4.796,-10.544,3.9966,-8.2843,2
-8.8272,-3.6784,-1.6451,-4.1415,-5.3536,-2.9564,1.3649,-15.775,-2.5073,-8.5497,0.2981,-5.3835,-5.8745,-10.211,3.7904,-7.4107,2
-11.073,-5.2109,-2.6399,-5.3001,-7.5342,-4.7499,1.4608,-15.435,-3.7728,-9.4844,1.6108,-4.1605,-6.307,-9.4492,4.1207,-5.9867,2
-12.213,-6.3995,-3.0647,-6.0846,-8.6916,-6.1436,2.5721,-14.429,-4.2614,-10.014,3.4256,-2.7334,-6.0443,-8.3775,5.0194,-4.0881,2
-12.479,-7.1905,-2.9895,-6.6013,-8.8051,-7.1738,4.3126,-13.002,-4.1591,-10.197,5.4218,-1.352,-5.2109,-7.2106,6.3524,-1.9259,2
-12.277,-7.6099,-2.5647,-6.9754,-8.0675,-7.868,6.1728,-11.435,-3.744,-10.119,7.2103,-0.25693,-4.0274,-6.2129,7.8899,0.21346,2
-12.058,-7.7431,-1.9685,-7.3082,-6.8061,-8.1969,7.6769,-9.9653,-3.3116,-9.8439,8.4486,0.38885,-2.744,-5.596,9.3821,2.057,2
-12.174,-7.7093,-1.3654,-7.6395,-5.3952,-8.0788,8.5009,-8.7223,-3.0694,-9.3989,8.912,0.54573,-1.5447,-5.4744,10.626,3.3984,2
-12.805,-7.6377,-0.86886,-7.9597,-4.1697,-7.4264,8.5248,-7.7442,-3.104,-8.7867,8.5385,0.28528,-0.54149,-5.8392,11.505,4.1482,2
-13.966,-7.6357,-0.55068,-8.2338,-3.3679,-6.2235,7.8159,-7.0111,-3.3909,-8.0086,7.4195,-0.23865,0.23762,-6.5831,11.979,4.3293,2
-15.55,-7.7808,-0.43005,-8.4415,-3.1201,-4.5736,6.572,-6.4934,-3.8276,-7.087,5.7503,-0.8433,0.81014,-7.549,12.061,4.0611,2
-17.391,-8.0969,-0.48949,-8.5921,-3.4416,-2.7147,5.0471,-6.1752,-4.2773,-6.0759,3.7852,-1.3535,1.2093,-8.5714,11.8,3.513,2
-19.338,-8.5381,-0.6783,-8.7173,-4.2416,-0.97035,3.5046,-6.0429,-4.6102,-5.0398,1.789,-1.6246,1.4755,-9.5073,11.263,2.8733,2
-21.229,-9.0072,-0.91781,-8.8472,-5.3366,0.3543,2.1809,-6.0705,-4.7155,-4.0287,0.012931,-1.55,1.6418,-10.241,10.531,2.3115,2
-22.937,-9.355,-1.1136,-8.9835,-6.4695,1.0357,1.2675,-6.1891,-4.5065,-3.0716,-1.3292,-1.0718,1.7538,-10.699,9.7074,1.9515,2
-24.329,-9.4305,-1.1731,-9.0961,-7.3621,0.99391,0.88592,-6.3096,-3.9515,-2.1724,-2.0793,-0.19753,1.8606,-10.842,8.8909,1.8415,2
-25.304,-9.1165,-1.0384,-9.1167,-7.7593,0.29434,1.0679,-6.3491,-3.0651,-1.3311,-2.1553,0.98741,1.9937,-10.674,8.1565,1.9332,2
-25.811,-8.3731,-0.70103,-8.9883,-7.4926,-0.8795,1.737,-6.282,-1.9308,-0.56886,-1.571,2.3094,2.1618,-10.251,7.5193,2.1006,2
-25.877,-7.2521,-0.19753,-8.6776,-6.5205,-2.2877,2.727,-6.1515,-0.69265,0.065709,-0.46906,3.5385,2.3334,-9.6624,6.9358,2.1648,2
-25.588,-5.8827,0.40387,-8.1879,-4.9319,-3.6651,3.8192,-6.0725,0.47052,0.50412,0.94127,4.4326,2.4507,-9.0155,6.3155,1.9492,2
-25.078,-4.4417,1.0385,-7.5507,-2.9272,-4.7481,4.8076,-6.1772,1.3887,0.68843,2.3919,4.8103,2.4594,-8.3986,5.5761,1.3416,2
-24.471,-3.108,1.6661,-6.8106,-0.74852,-5.2932,5.5532,-6.5546,1.945,0.60944,3.6395,4.594,2.3281,-7.861,4.6891,0.33957,2
-23.838,-2.0228,2.285,-6.0006,1.3715,-5.0806,6.0115,-7.2127,2.1108,0.31717,4.5105,3.8431,2.0812,-7.3869,3.7132,-0.93761,2
-23.189,-1.2754,2.9091,-5.1384,3.2646,-3.9613,6.2127,-8.0623,1.9378,-0.089642,4.946,2.7207,1.7889,-6.9162,2.7894,-2.279,2
-22.496,-0.89979,3.535,-4.2318,4.84,-1.8843,6.2191,-8.9575,1.5357,-0.48987,5.0049,1.4337,1.5385,-6.3751,2.1087,-3.4507,2
-21.731,-0.89184,4.1347,-3.2888,6.0769,1.0339,6.0834,-9.7222,1.024,-0.78214,4.8391,0.17715,1.4142,-5.7123,1.8387,-4.2624,2
-20.922,-1.2258,4.6399,-2.341,6.996,4.5009,5.8087,-10.23,0.49214,-0.92169,4.6345,-0.92707,1.4474,-4.9332,2.0734,-4.627,2
-20.15,-1.8459,4.9651,-1.4407,7.6239,8.0678,5.3648,-10.422,-0.019536,-0.91906,4.557,-1.8394,1.612,-4.1154,2.7827,-4.5811,2
-19.548,-2.6687,5.0473,-0.65615,7.9662,11.197,4.7213,-10.313,-0.52113,-0.83612,4.6949,-2.5902,1.8186,-3.3839,3.8222,-4.2578,2
-19.257,-3.5711,4.8619,-0.06179,7.9927,13.379,3.883,-9.9909,-1.0458,-0.75713,5.0436,-3.2467,1.9464,-2.8762,4.9523,-3.8497,2
-19.349,-4.4099,4.4354,0.28532,7.6466,14.248,2.9218,-9.574,-1.6238,-0.76108,5.5117,-3.8833,1.8781,-2.7088,5.9231,-3.547,2
-19.856,-5.03,3.827,0.34237,6.8655,13.659,1.9621,-9.1887,-2.2637,-0.91248,5.9596,-4.5504,1.5227,-2.9344,6.4932,-3.5011,2
-20.712,-5.3122,3.0945,0.085611,5.5984,11.72,1.159,-8.9437,-2.9484,-1.2614,6.2587,-5.28,0.85567,-3.5372,6.5234,-3.7992,2
-21.802,-5.2049,2.2658,-0.49607,3.8434,8.7619,0.6496,-8.918,-3.6402,-1.8485,6.3362,-6.078,-0.077524,-4.4362,5.9785,-4.4596,2
-23.016,-4.7378,1.3392,-1.4011,1.6685,5.2422,0.52505,-9.1531,-4.3018,-2.7082,6.2013,-6.9325,-1.1718,-5.5079,4.9288,-5.4502,2
-24.256,-4.0243,0.28849,-2.612,-0.79013,1.659,0.80129,-9.6471,-4.91,-3.8694,5.9332,-7.8204,-2.2836,-6.6166,3.5305,-6.709,2
-25.472,-3.2233,-0.89683,-4.0828,-3.3244,-1.5518,1.424,-10.378,-5.4707,-5.3387,5.6481,-8.6962,-3.2728,-7.6442,1.9695,-8.1605,2
-26.644,-2.4998,-2.1888,-5.7249,-5.6827,-4.0794,2.2847,-11.305,-6.0112,-7.0831,5.4435,-9.5049,-4.0361,-8.5132,0.42526,-9.722,2
-27.747,-1.983,-3.5,-7.3938,-7.6117,-5.7602,3.2332,-12.388,-6.5676,-9.0144,5.3644,-10.172,-4.5369,-9.1742,-0.95969,-11.313,2
-28.719,-1.7366,-4.6853,-8.8995,-8.8845,-6.5797,4.1178,-13.597,-7.1629,-10.988,5.383,-10.624,-4.7995,-9.606,-2.0864,-12.829,2
-29.436,-1.7525,-5.5699,-10.036,-9.3422,-6.6215,4.8171,-14.899,-7.7798,-12.809,5.4295,-10.784,-4.8888,-9.7964,-2.9046,-14.145,2
-29.717,-1.9751,-5.9755,-10.591,-8.9148,-6.0563,5.2786,-16.243,-8.3433,-14.265,5.4249,-10.594,-4.8695,-9.7171,-3.3641,-15.12,2
-29.357,-2.3269,-5.7745,-10.421,-7.6288,-5.0788,5.5469,-17.535,-8.7253,-15.161,5.3272,-9.9999,-4.768,-9.324,-3.4345,-15.592,2
-28.196,-2.7383,-4.9108,-9.4654,-5.6127,-3.8813,5.7736,-18.642,-8.7801,-15.359,5.149,-8.9703,-4.5684,-8.5608,-3.0958,-15.427,2
-26.195,-3.1835,-3.4266,-7.8202,-3.0842,-2.6493,6.1888,-19.397,-8.3678,-14.816,4.9475,-7.4975,-4.2025,-7.3869,-2.3547,-14.533,2
-23.476,-3.6745,-1.4685,-5.6947,-0.32867,-1.5246,7.0334,-19.646,-7.4237,-13.601,4.791,-5.5998,-3.6124,-5.7899,-1.2732,-12.909,2
-20.347,-4.2568,0.72555,-3.3934,2.3323,-0.6033,8.4897,-19.286,-5.9896,-11.886,4.7228,-3.3442,-2.7668,-3.8139,0.024531,-10.641,2
-17.273,-4.9704,2.8654,-1.2996,4.5809,0.065384,10.593,-18.308,-4.2153,-9.9018,4.7368,-0.84483,-1.7023,-1.556,1.3709,-7.9013,2
-14.759,-5.835,4.6539,0.26471,6.1469,0.50148,13.202,-16.804,-2.3358,-7.898,4.7926,1.7368,-0.52398,0.84476,2.5882,-4.9159,2
-13.23,-6.8089,5.8585,1.0746,6.8542,0.76132,16.01,-14.945,-0.61914,-6.0707,4.8375,4.2132,0.62631,3.2349,3.5422,-1.9144,2
-12.96,-7.7987,6.3515,1.0794,6.6518,0.93758,18.626,-12.937,0.70835,-4.5303,4.8468,6.3927,1.612,5.4735,4.1777,0.90593,2
-13.966,-8.6574,6.1522,0.41053,5.6287,1.1175,20.667,-10.965,1.5184,-3.2743,4.8406,8.1229,2.3421,7.4547,4.5348,3.4076,2
-15.991,-9.2159,5.4231,-0.63396,4.0041,1.3664,21.871,-9.1551,1.8023,-2.2132,4.8716,9.3124,2.7973,9.1187,4.726,5.5263,2
-18.579,-9.3073,4.4406,-1.6642,2.0921,1.7062,22.166,-7.5604,1.674,-1.1968,4.9956,9.9491,3.0267,10.455,4.902,7.2552,2
-21.132,-8.8064,3.5403,-2.2776,0.24059,2.1278,21.682,-6.1673,1.3252,-0.067261,5.242,10.092,3.13,11.486,5.2021,8.6218,2
-23.097,-7.6397,3.035,-2.1603,-1.2346,2.6129,20.713,-4.9323,0.98076,1.2967,5.5861,9.8516,3.221,12.26,5.7001,9.6628,2
-24.027,-5.827,3.1661,-1.1538,-2.0951,3.1562,19.629,-3.8159,0.8323,2.9542,5.9596,9.3414,3.4049,12.818,6.3943,10.392,2
-23.715,-3.4896,4.042,0.7085,-2.2161,3.7849,18.75,-2.7982,1.0081,4.8882,6.2788,8.6499,3.7358,13.196,7.1991,10.786,2
-22.209,-0.85805,5.6364,3.2096,-1.5863,4.5554,18.295,-1.8912,1.5357,7.0104,6.4679,7.8198,4.2225,13.395,7.9704,10.786,2
-19.782,1.7576,7.7903,6.0134,-0.28139,5.5275,18.318,-1.1245,2.35,9.1722,6.4943,6.8481,4.8213,13.393,8.5388,10.309,2
-16.837,4.0175,10.255,8.7284,1.5663,6.7377,18.714,-0.53766,3.3071,11.189,6.3672,5.7074,5.4463,13.143,8.7685,9.289,2
-13.808,5.6215,12.743,11.009,3.7904,8.1586,19.271,-0.16024,4.2209,12.877,6.1161,4.3793,5.9978,12.593,8.5689,7.7046,2
-11.068,6.3788,14.969,12.61,6.1979,9.6941,19.739,-0.010062,4.894,14.071,5.772,2.8867,6.3778,11.701,7.9452,5.6226,2
-8.8719,6.2635,16.696,13.421,8.5638,11.186,19.9,-0.10886,5.1636,14.658,5.3381,1.3012,6.5021,10.464,6.9576,3.1966,2
-7.3614,5.4088,17.762,13.471,10.637,12.449,19.645,-0.48233,4.9286,14.588,4.8003,-0.26454,6.32,8.9089,5.732,0.65829,2
-6.5654,4.0672,18.088,12.878,12.159,13.317,18.971,-1.1759,4.1705,13.881,4.1308,-1.6871,5.8122,7.1092,4.4074,-1.731,2
-6.4603,2.5328,17.68,11.819,12.921,13.686,18.005,-2.2173,2.9482,12.623,3.3187,-2.8522,4.9859,5.1633,3.108,-3.7259,2
-6.9962,1.062,16.63,10.48,12.821,13.544,16.957,-3.6025,1.3973,10.942,2.3888,-3.6777,3.8793,3.1785,1.9192,-5.1544,2
-8.0838,-0.17631,15.096,9.0185,11.908,12.974,16.057,-5.2524,-0.31357,8.9984,1.4062,-4.1194,2.547,1.2607,0.88132,-5.9409,2
-9.6232,-1.1085,13.266,7.5524,10.381,12.125,15.501,-6.9973,-2.0043,6.9644,0.46393,-4.159,1.064,-0.50015,-0.0056492,-6.1174,2
-11.446,-1.7386,11.336,6.1592,8.5449,11.199,15.391,-8.588,-3.5292,5.0146,-0.34973,-3.8056,-0.48372,-2.0389,-0.76351,-5.817,2
-13.369,-2.0904,9.4756,4.8754,6.7123,10.385,15.709,-9.742,-4.7962,3.3044,-0.9712,-3.0852,-2.0087,-3.3133,-1.4325,-5.23,2
-15.193,-2.1878,7.8095,3.7136,5.1275,9.8467,16.312,-10.21,-5.7792,1.9694,-1.3819,-2.0465,-3.4286,-4.3004,-2.0546,-4.572,2
-16.745,-2.0387,6.4127,2.6739,3.9114,9.7032,16.986,-9.8467,-6.5042,1.1137,-1.6113,-0.7504,-4.6594,-4.9773,-2.6649,-4.0377,2
-17.904,-1.6471,5.32,1.7673,3.0774,10.007,17.484,-8.6374,-7.0158,0.79639,-1.7244,0.73915,-5.6329,-5.3298,-3.2685,-3.7511,2
-18.629,-1.0509,4.5525,1.0255,2.5706,10.752,17.609,-6.6989,-7.3488,1.036,-1.7942,2.3734,-6.2877,-5.3245,-3.8285,-3.7304,2
-18.941,-0.32737,4.1207,0.5088,2.3304,11.869,17.256,-4.2585,-7.5059,1.797,-1.8887,4.131,-6.5696,-4.935,-4.2577,-3.891,2
-18.957,0.41003,4.0263,0.28849,2.3323,13.221,16.43,-1.5929,-7.4569,2.9858,-2.0607,6.0165,-6.4435,-4.1453,-4.4271,-4.0538,2
-18.794,1.0242,4.2396,0.41053,2.5762,14.607,15.242,0.99573,-7.1672,4.4511,-2.3273,8.0331,-5.906,-2.9837,-4.2024,-4.0056,2
-18.616,1.4038,4.6819,0.86541,3.0698,15.799,13.863,3.2286,-6.6252,5.9875,-2.6868,10.13,-5.0008,-1.5472,-3.5066,-3.5653,2
-18.579,1.4833,5.2116,1.5596,3.7677,16.564,12.482,4.847,-5.8801,7.3501,-3.1037,12.189,-3.8278,-0.0013142,-2.3362,-2.6619,2
-18.818,1.2587,5.6469,2.3188,4.5658,16.732,11.258,5.6394,-5.0398,8.302,-3.5175,13.971,-2.5444,1.4282,-0.81381,-1.3503,2
-19.438,0.78767,5.8008,2.9306,5.3185,16.23,10.297,5.4556,-4.2542,8.6429,-3.8461,15.182,-1.3346,2.5087,0.84108,0.18594,2
-20.418,0.1576,5.5333,3.2001,5.8764,15.12,9.6314,4.2344,-3.6748,8.2704,-3.998,15.528,-0.38042,3.0498,2.3702,1.6878,2
-21.687,-0.5301,4.806,3.0162,6.145,13.563,9.2226,2.0312,-3.4024,7.1947,-3.8957,14.797,0.1921,2.9494,3.5389,2.9031,2
-23.047,-1.186,3.6854,2.3854,6.1128,11.798,8.9815,-0.98226,-3.4644,5.5464,-3.4943,12.933,0.33392,2.2196,4.2129,3.6529,2
-24.243,-1.7405,2.3287,1.4265,5.8499,10.079,8.7835,-4.5312,-3.8031,3.5374,-2.8108,10.065,0.088804,0.97696,4.3755,3.8776,2
-24.997,-2.154,0.92835,0.33128,5.466,8.6111,8.4929,-8.2817,-4.309,1.4125,-1.9181,6.4872,-0.42769,-0.59533,4.1274,3.63,2
-25.096,-2.4084,-0.34263,-0.70053,5.0594,7.5299,7.9995,-11.89,-4.8394,-0.60704,-0.9588,2.6049,-1.0615,-2.2857,3.6361,3.0453,2
-24.455,-2.5097,-1.3671,-1.5057,4.6868,6.8994,7.2394,-15.048,-5.2747,-2.3659,-0.10176,-1.1479,-1.669,-3.9091,3.0761,2.2794,2
-23.155,-2.4779,-2.1084,-1.9986,4.3407,6.7141,6.2191,-17.512,-5.524,-3.7865,0.48562,-4.3844,-2.147,-5.3245,2.5731,1.4608,2
-21.45,-2.3428,-2.5769,-2.1698,3.9852,6.9358,5.0103,-19.126,-5.5413,-4.8621,0.6809,-6.8213,-2.4534,-6.4562,2.1774,0.66288,2
-19.719,-2.142,-2.8112,-2.0668,3.5899,7.4881,3.7425,-19.82,-5.3165,-5.6375,0.43448,-8.3124,-2.6005,-7.2758,1.8739,-0.10756,2
-18.361,-1.9214,-2.8374,-1.7767,3.1739,8.2749,2.5689,-19.618,-4.8654,-6.1826,-0.19784,-8.8622,-2.6425,-7.8064,1.6056,-0.88946,2
-17.699,-1.7306,-2.6661,-1.409,2.8183,9.1635,1.6348,-18.638,-4.2283,-6.5788,-1.0611,-8.6063,-2.6407,-8.1007,1.3038,-1.7401,2
-17.917,-1.6213,-2.3024,-1.0888,2.6519,9.9921,1.0424,-17.083,-3.4802,-6.9198,-1.9274,-7.7961,-2.6512,-8.2276,0.93162,-2.7147,2
-18.96,-1.6233,-1.771,-0.95254,2.8013,10.588,0.83482,-15.219,-2.7077,-7.3003,-2.5412,-6.7314,-2.709,-8.2611,0.47724,-3.8428,2
-20.607,-1.7545,-1.1416,-1.1269,3.3346,10.792,0.9913,-13.33,-2.0245,-7.8098,-2.6636,-5.714,-2.8333,-8.2699,-0.029123,-5.1177,2
-22.498,-1.985,-0.51571,-1.7006,4.2159,10.501,1.4336,-11.663,-1.5387,-8.5102,-2.1692,-4.9875,-3.0329,-8.2929,-0.53213,-6.4797,2
-24.243,-2.2613,-0.02445,-2.6976,5.3015,9.6995,2.0531,-10.386,-1.3369,-9.4186,-1.0425,-4.6814,-3.306,-8.3422,-0.97142,-7.8303,2
-25.525,-2.5157,0.22205,-4.0496,6.3681,8.4694,2.727,-9.5542,-1.4594,-10.489,0.59411,-4.8063,-3.6562,-8.4004,-1.2833,-9.0226,2
-26.168,-2.6886,0.16786,-5.5996,7.1757,6.9757,3.3417,-9.1156,-1.8861,-11.609,2.5097,-5.2541,-4.0817,-8.4286,-1.4208,-9.8939,2
-26.171,-2.7761,-0.1748,-7.1434,7.5388,5.4258,3.8,-8.9338,-2.5405,-12.624,4.4222,-5.8435,-4.5841,-8.3792,-1.3554,-10.297,2
-25.693,-2.8218,-0.72026,-8.4653,7.3818,4.0212,4.0283,-8.833,-3.3145,-13.373,6.0572,-6.3674,-5.1619,-8.2224,-1.0821,-10.128,2
-24.986,-2.9212,-1.3426,-9.4036,6.7596,2.9018,3.9709,-8.6433,-4.1,-13.718,7.1901,-6.6462,-5.8185,-7.9421,-0.6277,-9.3459,2
-24.327,-3.1696,-1.9143,-9.8933,5.8291,2.1205,3.5844,-8.2224,-4.8178,-13.581,7.6768,-6.5563,-6.5573,-7.549,-0.049243,-7.9999,2
-23.925,-3.6148,-2.3461,-9.9456,4.8003,1.6499,2.8372,-7.4774,-5.4361,-12.955,7.4598,-6.0445,-7.382,-7.0678,0.57113,-6.2046,2
-23.862,-4.223,-2.5996,-9.6492,3.8736,1.4064,1.7178,-6.363,-5.9608,-11.892,6.564,-5.1277,-8.2941,-6.5196,1.1462,-4.1157,2
-24.082,-4.869,-2.6818,-9.1151,3.1966,1.301,0.25041,-4.8849,-6.4235,-10.499,5.0855,-3.8711,-9.2711,-5.9133,1.604,-1.8938,2
-24.403,-5.3719,-2.6241,-8.4351,2.8486,1.2756,-1.4853,-3.0986,-6.8429,-8.9038,3.1885,-2.3785,-10.26,-5.2329,1.9108,0.3304,2
-24.592,-5.5667,-2.4563,-7.6712,2.8543,1.3373,-3.3487,-1.1127,-7.2104,-7.2384,1.0839,-0.7702,-11.181,-4.4503,2.0734,2.4491,2
-24.429,-5.3778,-2.1905,-6.8597,3.1928,1.5445,-5.1466,0.91867,-7.4857,-5.6375,-0.99135,0.81835,-11.934,-3.5425,2.1271,4.3867,2
-23.809,-4.8591,-1.8461,-6.0482,3.8112,1.966,-6.6811,2.8077,-7.6183,-4.2288,-2.8325,2.247,-12.44,-2.5219,2.1053,6.0559,2
-22.764,-4.2052,-1.4615,-5.3112,4.632,2.6365,-7.7829,4.3569,-7.578,-3.1295,-4.3049,3.3725,-12.666,-1.452,2.0064,7.3377,2
-21.469,-3.6784,-1.1189,-4.7707,5.5379,3.5069,-8.3721,5.4003,-7.3834,-2.4462,-5.3928,4.0548,-12.652,-0.46313,1.7834,8.0921,2
-20.187,-3.5413,-0.94404,-4.5694,6.3908,4.4246,-8.4615,5.839,-7.0951,-2.2501,-6.1848,4.1691,-12.503,0.286,1.3374,8.1723,2
-19.167,-3.9527,-1.0752,-4.8167,7.032,5.155,-8.1374,5.6572,-6.8068,-2.5568,-6.8218,3.6162,-12.353,0.63501,0.57113,7.473,2
-18.587,-4.9207,-1.6101,-5.5743,7.3327,5.413,-7.5194,4.9339,-6.5892,-3.3099,-7.437,2.3582,-12.304,0.4746,-0.56231,5.9917,2
-18.495,-6.31,-2.5559,-6.7899,7.2286,4.9279,-6.6987,3.7997,-6.4667,-4.3855,-8.0818,0.41627,-12.381,-0.20931,-2.0227,3.8524,2
-18.823,-7.8882,-3.8059,-8.3242,6.7407,3.5033,-5.7295,2.4125,-6.3932,-5.6099,-8.6924,-2.1074,-12.515,-1.3304,-3.6575,1.3095,2
-19.438,-9.4027,-5.1608,-10.004,5.9899,1.072,-4.6229,0.91867,-6.2793,-6.8053,-9.1279,-5.0332,-12.564,-2.7176,-5.242,-1.3114,2
-20.181,-10.667,-6.3759,-11.661,5.1672,-2.2786,-3.3982,-0.57323,-6.0242,-7.8282,-9.2286,-8.125,-12.361,-4.1647,-6.528,-3.6708,2
-20.964,-11.585,-7.2448,-13.161,4.4996,-6.2871,-2.1096,-1.9742,-5.5716,-8.601,-8.9233,-11.107,-11.785,-5.4691,-7.3177,-5.496,2
-21.742,-12.156,-7.6364,-14.468,4.197,-10.535,-0.86892,-3.2033,-4.9115,-9.1145,-8.2476,-13.704,-10.803,-6.4844,-7.5155,-6.6356,2
-22.519,-12.434,-7.5262,-15.572,4.4202,-14.52,0.16738,-4.1459,-4.1072,-9.3936,-7.3688,-15.676,-9.4865,-7.133,-7.1416,-7.0667,2
-23.315,-12.491,-6.9808,-16.485,5.2523,-17.715,0.85398,-4.6656,-3.2424,-9.4858,-6.5133,-16.854,-7.986,-7.408,-6.3251,-6.897,2
-24.122,-12.394,-6.1206,-17.192,6.6802,-19.686,1.0983,-4.6063,-2.405,-9.4147,-5.8934,-17.167,-6.4838,-7.3604,-5.2537,-6.3192,2
-24.897,-12.195,-5.0699,-17.642,8.5922,-20.191,0.8955,-3.8475,-1.6526,-9.1856,-5.6547,-16.65,-5.1479,-7.0749,-4.1337,-5.574,2
-25.551,-11.951,-3.9493,-17.763,10.807,-19.23,0.33025,-2.3378,-1.0097,-8.7827,-5.8051,-15.436,-4.0974,-6.6483,-3.1494,-4.8953,2
-25.979,-11.71,-2.8461,-17.49,13.103,-17.044,-0.45057,-0.12467,-0.48221,-8.1982,-6.2762,-13.719,-3.3726,-6.1724,-2.4301,-4.4711,2
-26.063,-11.502,-1.8217,-16.799,15.261,-14.051,-1.2777,2.6497,-0.052687,-7.4267,-6.9426,-11.71,-2.9436,-5.7017,-2.0244,-4.4,2
-25.695,-11.307,-0.91781,-15.704,17.108,-10.735,-1.9946,5.7817,0.2918,-6.4893,-7.668,-9.5963,-2.7195,-5.2505,-1.8986,-4.666,2
-24.792,-11.046,-0.15907,-14.261,18.542,-7.5318,-2.488,9.0362,0.57286,-5.4163,-8.3421,-7.5067,-2.5619,-4.7852,-1.9422,-5.136,2
-23.326,-10.577,0.44234,-12.55,19.523,-4.7481,-2.6956,12.198,0.80347,-4.2538,-8.8939,-5.5252,-2.3343,-4.2387,-1.9892,-5.5809,2
-21.348,-9.7485,0.88115,-10.654,20.044,-2.5258,-2.6254,15.077,0.98797,-3.0624,-9.2922,-3.6929,-1.9264,-3.546,-1.8735,-5.7551,2
-19.023,-8.4646,1.1469,-8.6681,20.089,-0.85587,-2.3491,17.525,1.1076,-1.9157,-9.5417,-2.0541,-1.2961,-2.6806,-1.4778,-5.4616,2
-16.622,-6.7473,1.2343,-6.6964,19.627,0.38882,-1.9946,19.434,1.1177,-0.90063,-9.6889,-0.66054,-0.49072,-1.6723,-0.77693,-4.6293,2
-14.481,-4.7637,1.1312,-4.8547,18.618,1.4028,-1.7328,20.75,0.95914,-0.10412,-9.8082,0.41322,0.35843,-0.63058,0.14358,-3.3521,2
-12.918,-2.792,0.83744,-3.2555,17.057,2.404,-1.7296,21.485,0.5743,0.40932,-9.9896,1.094,1.0798,0.3001,1.1077,-1.8663,2
-12.174,-1.1582,0.36891,-2.0097,15.02,3.5832,-2.1112,21.718,-0.069983,0.61602,-10.323,1.3301,1.5,0.9611,1.9058,-0.49507,2
-12.324,-0.12861,-0.229,-1.1792,12.702,5.0514,-2.9335,21.592,-0.9593,0.55151,-10.845,1.1108,1.5087,1.2273,2.3467,0.44046,2
-13.241,0.15363,-0.89334,-0.77502,10.387,6.7777,-4.163,21.264,-2.0345,0.28557,-11.542,0.46653,1.0833,1.0404,2.3249,0.70874,2
-14.628,-0.27768,-1.5507,-0.756,8.4125,8.5602,-5.6975,20.871,-3.2035,-0.10017,-12.338,-0.53717,0.2954,0.40586,1.8337,0.21804,2
-16.08,-1.2337,-2.1398,-1.035,7.0773,10.047,-7.3821,20.473,-4.3695,-0.54516,-13.109,-1.8226,-0.72008,-0.61119,0.97018,-0.9743,2
-17.171,-2.4143,-2.6136,-1.5089,6.5781,10.813,-9.0379,20.043,-5.4433,-1.0375,-13.72,-3.2939,-1.7933,-1.905,-0.11128,-2.6826,2
-17.562,-3.4936,-2.9528,-2.0842,6.9695,10.499,-10.489,19.489,-6.3586,-1.6089,-14.05,-4.8489,-2.7738,-3.3574,-1.2246,-4.6453,2
-17.073,-4.1952,-3.1468,-2.696,8.1553,8.9527,-11.582,18.707,-7.0692,-2.3133,-14.025,-6.3568,-3.5424,-4.8433,-2.2004,-6.5714,2
-15.734,-4.3642,-3.2045,-3.3205,9.9293,6.3125,-12.192,17.642,-7.5463,-3.1967,-13.622,-7.6636,-4.0431,-6.2429,-2.8996,-8.1926,2
-13.779,-3.9984,-3.1364,-3.9735,12.01,3.0072,-12.255,16.33,-7.7769,-4.2683,-12.877,-8.6002,-4.2672,-7.4485,-3.2199,-9.284,2
-11.617,-3.2551,-2.9755,-4.693,14.099,-0.35799,-11.788,14.897,-7.7726,-5.494,-11.869,-9.0236,-4.2602,-8.3739,-3.1126,-9.6853,2
-9.7257,-2.4064,-2.7727,-5.5347,15.911,-3.1726,-10.892,13.53,-7.5809,-6.8119,-10.709,-8.8531,-4.1027,-8.9591,-2.571,-9.323,2
-8.5672,-1.7763,-2.6119,-6.5332,17.216,-4.9952,-9.7533,12.403,-7.2738,-8.1442,-9.5138,-8.1052,-3.9031,-9.1848,-1.6387,-8.2132,2
-8.4516,-1.6511,-2.5909,-7.6981,17.855,-5.662,-8.6004,11.623,-6.9467,-9.4252,-8.3809,-6.9081,-3.77,-9.0755,-0.41811,-6.466,2
-9.4525,-2.2037,-2.8094,-8.993,17.772,-5.2914,-7.636,11.2,-6.6872,-10.607,-7.3719,-5.4795,-3.798,-8.6877,0.94671,-4.2876,2
-11.431,-3.4379,-3.3409,-10.336,17.019,-4.2084,-7.0117,11.05,-6.5589,-11.661,-6.5009,-4.0722,-4.0431,-8.1131,2.2763,-1.9419,2
-14.042,-5.1811,-4.208,-11.611,15.758,-2.8183,-6.7801,11.028,-6.5892,-12.566,-5.7446,-2.9208,-4.5124,-7.4503,3.393,0.27308,2
-16.832,-7.121,-5.3689,-12.686,14.232,-1.4846,-6.9063,10.988,-6.7679,-13.296,-5.0767,-2.1866,-5.1602,-6.8016,4.1458,2.0822,2
-19.359,-8.8661,-6.7098,-13.433,12.732,-0.45793,-7.2975,10.832,-7.062,-13.821,-4.4862,-1.9338,-5.906,-6.2517,4.4443,3.2814,2
-21.274,-10.045,-8.0595,-13.75,11.548,0.13625,-7.8436,10.534,-7.4209,-14.103,-4.0073,-2.1257,-6.6501,-5.8551,4.2749,3.7653,2
-22.375,-10.371,-9.2028,-13.575,10.917,0.28162,-8.4392,10.159,-7.7812,-14.104,-3.7159,-2.6496,-7.2962,-5.6348,3.7015,3.5337,2
-22.624,-9.7128,-9.9354,-12.894,10.986,0.038128,-9.0012,9.8246,-8.068,-13.803,-3.702,-3.3594,-7.7689,-5.5819,2.8363,2.6715,2
-22.096,-8.1088,-10.079,-11.746,11.796,-0.47974,-9.4643,9.6803,-8.1877,-13.189,-4.0243,-4.1072,-8.021,-5.6594,1.8186,1.3278,2
-20.951,-5.7694,-9.528,-10.212,13.269,-1.103,-9.7709,9.8602,-8.0378,-12.282,-4.6768,-4.7758,-8.0385,-5.8216,0.78072,-0.33915,2
-19.375,-3.0305,-8.271,-8.4145,15.238,-1.619,-9.8794,10.429,-7.5333,-11.124,-5.5757,-5.2937,-7.8284,-6.0208,-0.17835,-2.1735,2
-17.546,-0.30749,-6.4039,-6.5062,17.477,-1.7971,-9.782,11.364,-6.6238,-9.7899,-6.5877,-5.6425,-7.4222,-6.2217,-0.9949,-4.0423,2
-15.637,1.9862,-4.1049,-4.6518,19.758,-1.441,-9.501,12.532,-5.3309,-8.3825,-7.5378,-5.8587,-6.862,-6.4086,-1.6404,-5.8354,2
-13.782,3.5087,-1.6206,-3.0209,21.882,-0.46884,-9.1002,13.7,-3.7483,-7.0304,-8.2956,-6.0308,-6.2054,-6.5831,-2.12,-7.4611,2
-12.098,4.0592,0.77451,-1.7672,23.718,1.043,-8.6739,14.561,-2.0345,-5.8745,-8.7916,-6.2852,-5.5226,-6.7611,-2.4603,-8.8461,2
-10.671,3.626,2.82,-1.008,25.191,2.8364,-8.3066,14.812,-0.38564,-5.053,-9.0209,-6.7649,-4.8958,-6.9656,-2.7018,-9.9375,2
